﻿grade	subject	unit	question	answer	choice2	choice3	choice4	explanation	difficulty	tags
中学1年	数学	一次方程式	（道のり）を求める公式はどれですか。	速さ × 時間	速さ ÷ 時間	時間 ÷ 速さ	速さ + 時間	速さ、時間、道のりの関係は「はじき」の図で覚える基本公式です。[37, 38]	基本	計算
中学1年	数学	一次方程式	「13歳のみなさんの3倍が先生の年齢になるのは何年後か」現在、先生が53歳のとき、これを求める方程式は？	53 + x = 3(13 + x)	53 = 3(13 + x)	53 + x = 13 + 3x	3(53 + x) = 13 + x	x年後のそれぞれの年齢を式にして、「先生＝生徒の3倍」となる式を立てます。	標準	方程式
中学1年	数学	一次方程式	「1個 80円のみかんと 1個 120円のりんごを合わせて 10個買い、代金の合計が 920円」のときの方程式は？	80x + 120(10-x) = 920	80x + 120x = 920	x + y = 920	120x + 80(10-x) = 920	みかんを x個とすると、りんごは (10-x)個と表せます [3]。	標準	方程式
中学1年	数学	一次方程式	「1個120gの品物x個を200gの入れ物に入れると、重さは800gになった」このときのxの値を求めなさい。	5	4	6	10	120x + 200 = 800 という方程式を立てて解くと、120x = 600 より x = 5 となります。	基本	方程式
中学1年	数学	一次方程式	「1日乗り放題チケットが1200円、バス1回が180円、電車の往復が480円」のとき、バスに何回以上乗ればチケットがお得ですか。[4]	5回	4回	6回	3回	「180x + 480 > 1200」の方程式を立てて考えます。[4]	標準	文章題
中学1年	数学	一次方程式	「240枚の折り紙を兄と弟で、枚数の比が 5:3 になるように分ける」とき、兄の枚数を求めなさい。	150枚	90枚	160枚	120枚	兄の枚数をxとすると、x : (240-x) = 5 : 3。これを解くと 3x = 5(240-x) より x=150 です。	標準	文章題
中学1年	数学	一次方程式	「ある山を登るのに、分速40mで登るのと、分速60mで下るのでは、かかる時間が30分違う」この山のふもとから山頂までの道のりを求めなさい。	3600m	1200m	2400m	4800m	道のりをxとして、x/40 - x/60 = 30 という方程式を立てて解きます。	挑戦	文章題
中学1年	数学	一次方程式	「バス1回 180円、電車の往復 480円。1日乗り放題 1200円」のとき、バスに何回乗ると乗り放題と同額？	4回	5回	3回	6回	180x + 480 = 1200 を解くと x = 4 となります [21]。	標準	文章題
中学1年	数学	一次方程式	13歳のけいたさんと53歳の先生がいる。先生の年齢がけいたさんの「3倍」になるのは何年後か求めなさい。	7年後	3年後	10年後	5年後	(53+x) = 3(13+x) という方程式を立てて解くと、x=7 となります。	標準	文章題
中学1年	数学	一次方程式	1日乗り放題チケットが 1200円、バス1回が 180円、電車の往復が 480円のとき、バスに何回乗るとチケットと同額になりますか。	4回	5回	3回	6回	180x + 480 = 1200 という方程式を立てて解きます。	標準	文章題
中学1年	数学	一次方程式	1日乗り放題チケットが1200円、バス1回が180円、電車の往復が480円のとき、バスに何回以上乗ればチケットがお得ですか。	5回	4回	6回	3回	方程式 180x + 480 > 1200 を解くと x > 4 となり、5回からお得になります。	標準	文章題
中学1年	数学	一次方程式	1日乗り放題チケットが1200円、バス1回が180円、電車の往復が480円のとき、バスに何回以上乗ればチケットがお得になりますか。	5回	4回	6回	3回	方程式 180x + 480 = 1200 を解くと x = 4 となり、4回で同額、5回以上でお得になります。	標準	文章題
中学1年	数学	一次方程式	1日乗り放題チケットが1200円、電車の往復が480円、バスが1回180円のとき、バスに何回乗るとチケットと同額になりますか。	4回	5回	3回	6回	(180x + 480 = 1200 を解くと 180x = 720 より x = 4 となります [3, 4]。)	標準	文章題
中学1年	数学	一次方程式	3x = -6 を解きなさい。	-2	2	-3	3	両辺を3で割ると x = -2 となります。[1, 2]	基本	方程式
中学1年	数学	一次方程式	x+8=11 を解きなさい。	3	-3	19	-19	等式の性質を利用し、+8を右辺に「移項」して x=11-8 と計算します。	基本	方程式
中学1年	数学	一次方程式	バス1回が180円、電車の往復が480円のとき、1200円の1日乗り放題チケットと同じ金額になるのはバスに何回乗るときですか。	4回	5回	3回	6回	方程式 180x + 480 = 1200 を立てて解くと、x = 4 となります。	標準	文章題
中学1年	数学	一次方程式	バラ5本と820円のユリ1本を買い、3000円出しておつりが30円のとき、バラ1本の値段を求めなさい。	430円	400円	500円	310円	「5x + 820 = 3000 - 30 という方程式を解くと、x=430 となります。」	標準	文章題
中学1年	数学	一次方程式	現在、けいたさんは13歳、先生は53歳です。先生の年齢がけいたさんの年齢の3倍になるのは何年後ですか。	7年後	5年後	10年後	3年後	(53+x) = 3(13+x) という方程式を立てて解くと、x=7 となります。	標準	文章題
中学1年	数学	一次方程式	時速60kmでx時間走ったときの道のりyを式で表しなさい。	y = 60x	y = 60/x	y = x/60	y = 60+x	（道のり）＝（速さ）×（時間）の関係を用います [27]。	基本	方程式
中学1年	数学	一次方程式	比例式 (x + 3) : 4 = 20 : 16 を解き、xの値を求めなさい。	2	5	8	4	「外側の積＝内側の積」より 16(x+3) = 80。x+3=5 となり x=2 です。	標準	方程式
中学1年	数学	一次方程式	比例式 (x + 3) : 4 = 20 : 16 を満たす x の値を求めなさい。	2	5	8	4	「外側の積＝内側の積」より 16(x+3) = 80。x+3=5 となり x=2 です。	標準	方程式
中学1年	数学	一次方程式	比例式 2 : 3 = x : 6 のxの値を求めなさい。	4	9	1	5	比例式の性質「外側の積＝内側の積」より 3x = 12 となり、x=4 です [30]。	基本	計算
中学1年	数学	一次方程式	比例式 x : 15 = 2 : 3 のxの値を求めなさい。	10	5	22.5	1	外側の積＝内側の積より 3x = 30。よって x=10 となります。	基本	計算
中学1年	数学	一次方程式	比例式 x : 4 = 3 : 2 のxの値を求めなさい。	6	8	12	1.5	比例式の性質「外側の項の積＝内側の項の積」より 2x = 12 となり、x=6 です。[1, 10]	基本	方程式
中学1年	数学	一次方程式	比例式 x : 9 = 5 : 3 を満たす x の値を求めなさい。	15	27	1.6	45	「比例式の性質『外側の積＝内側の積』より、3x = 45 となり、x = 15 です。」	基本	計算
中学1年	数学	一次方程式	比例式「(x － 2) : 0.2 = (x + 3) : 0.4」を解きなさい。	7	5	8	10	外側の積＝内側の積より 0.4(x-2) = 0.2(x+3)。両辺を10倍して整理すると x=7 となります。	挑戦	計算
中学1年	数学	一次方程式	方程式 0.12x + 0.1 = 0.06x - 0.08 を解きなさい。	-3	3	-1	1	両辺を100倍して 12x + 10 = 6x - 8 とし、整数の方程式として解きます。	標準	方程式
中学1年	数学	一次方程式	方程式 0.1x - 0.5 = 0.3x + 0.7 を解きなさい。	-6	6	-1	1	両辺を10倍して整数の方程式 1x - 5 = 3x + 7 に直し、移項して解を求めます。	標準	方程式
中学1年	数学	一次方程式	方程式 1/2 x + 3 = 7 を解きなさい。	8	5	2	20	両辺を2倍して x + 6 = 14 とし、移項して x = 8 を求めます。	基本	方程式
中学1年	数学	一次方程式	方程式 3(x - 2) = x + 4 を解きなさい。	5	3	1	-5	分配法則でかっこをはずすと 3x-6=x+4。移項して 2x=10 より x=5 となります。	基本	方程式
中学1年	数学	一次方程式	方程式 3x + 1 = 10 を解きなさい。	3	-3	9	1/3	1を移項して 3x = 9 とし、両辺を3で割ると x = 3 となります。[4]	基本	方程式
中学1年	数学	一次方程式	方程式 3x + 1 = 10 を解きなさい。	3	-3	9	1/3	1を右辺に移項して3x=9とし、両辺を3で割ります [9]。	基本	方程式
中学1年	数学	一次方程式	方程式 4x + 7 = 23 を解きなさい。	4	-4	7.5	16	7を移項して 4x = 16 とし、両辺を4でわります。	基本	方程式
中学1年	数学	一次方程式	方程式 4x = 24 を解きなさい。	6	20	28	4	等式の性質を利用し、両辺をxの係数4で割ると x=6 となります。[34]	基本	方程式
中学1年	数学	一次方程式	方程式 5(x － 2) = 20 を解きなさい。	6	4	2	10	分配法則で 5x － 10 = 20 とし、移項して 5x = 30 より x = 6 を求めます。	基本	方程式
中学1年	数学	一次方程式	方程式 x + 4 = -6 を解きなさい。	-10	10	-2	2	等式の性質を利用し、+4を右辺に移項して x = -6 - 4 と計算します。[1, 2]	基本	方程式
中学1年	数学	一次方程式	方程式 x/3 - 4 = x/2 を解きなさい。	-24	24	12	-12	両辺に6をかけて 2x - 24 = 3x とし、移項して整理すると x = -24 となります。[20, 21]	標準	方程式
中学1年	数学	一次方程式	方程式「1/2 x - 1 = 1/3 x」を解きなさい。	6	-6	3	1	両辺に分母の最小公倍数6をかけて、3x - 6 = 2x とし、移項して解を求めます。	標準	方程式
中学1年	数学	一次方程式	「等式の両辺から同じ数をひいても、等式は成り立つ」ことを表した式を選びなさい。	A - C = B - C	A + C = B + C	AC = BC	A/C = B/C	等式の性質の1つで、方程式を解く際の「移項」の考え方の基礎となります。	基本	計算
中学1年	数学	一次方程式	方程式 3x - 2 = x + 6 を解きなさい。	x = 4	x = 2	x = -4	x = 8	xの項を左辺に、定数項を右辺に移項して整理すると 2x = 8 となります。	標準	方程式
中学1年	数学	一次方程式	「ある数 x に 6 を加えると、その和が 12 になる」という数量の関係を等式で表しなさい。	x + 6 = 12	x - 6 = 12	6x = 12	x/6 = 12	問題文の通り、xに6をたした（加えた）結果が12と等しいことを等号（＝）で結んで表します。	基本	方程式
中学1年	数学	一次方程式	方程式 3x + 1 = x + 7 を解きなさい。	x = 3	x = 4	x = 2	x = 8	xの項を左辺に、定数項を右辺に移項して整理すると 2x = 6 となります。	基本	方程式
中学1年	数学	一次方程式	「3x － 7 = 8」において，次に行うべき操作として正しいものを選びなさい。	両辺に 7 をたす	両辺から 7 をひく	両辺を 3 でわる	両辺に 3 をかける	左辺の －7 を消すために，等式の性質「等式の両辺に同じ数をたしても，等式は成り立つ」を利用します。	基本	方程式
中学1年	数学	一次方程式	「1回 180円のバスと片道 240円の電車を使い、1200円の1日乗り放題チケットと同じ金額になる」のは、バスに何回乗ったときですか。	4回	5回	3回	6回	180x + 240 * 2 = 1200 という方程式を立てて解くと、180x = 720 より x = 4 となります。	標準	文章題
中学1年	数学	一次方程式	「比例式 (x - 2) : 0.2 = (x + 3) : 0.4」を満たす x の値を求めなさい。	7	5	8	10	比例式の性質「外項の積＝内項の積」より 0.4(x - 2) = 0.2(x + 3) となり，これを解くと x = 7 です。	挑戦	計算
中学1年	数学	一次方程式	「3 × 3 のマス目に 1 から 9 までの自然数を入れ，縦・横・斜めの和をすべて等しくする」とき，中央のマスに入る数は何ですか。	5	4	6	1	全体の和が 45 なので 1 列の和は 15 です。方程式を立てて解くと中央は必ず全体の平均である 5 になります。	挑戦	数論
中学1年	数学	一次方程式	姉は 16 歳，妹は 6 歳です。姉の年齢が妹の年齢の 2 倍になるのは何年後ですか。	4年後	10年後	5年後	2年後	x 年後に 2 倍になるとすると，16+x=2(6+x) という方程式が成り立ちます。これを解くと x=4 となります。	挑戦	方程式
中学1年	数学	空間図形	「すべての面が正三角形で、1つの頂点に3つの面が集まっている正多面体」は何ですか。	正四面体	正八面体	正二十面体	正六面体	正多面体5種類のうち、最も面の少ない立体です。	基本	立体
中学1年	数学	空間図形	「すべての面が正三角形で、1つの頂点に5つの面が集まっている正多面体」は何ですか。	正二十面体	正四面体	正八面体	正十二面体	正二十面体は、20枚の正三角形の面からなる正多面体です。	標準	立体
中学1年	数学	空間図形	「正十二面体」の1つの面の形はどのような多角形ですか。	正五角形	正三角形	正方形	正六角形	正十二面体は、12枚の正五角形の面で構成された正多面体です。	基本	立体
中学1年	数学	空間図形	「正十二面体」の頂点の数はいくつありますか。	20個	12個	30個	15個	正十二面体は、12個の面（正五角形）、30本の辺、20個の頂点を持つ立体です。	標準	立体
中学1年	数学	空間図形	「正十二面体」の面の形はどのような多角形ですか。	正五角形	正三角形	正方形	正六角形	正多面体5種類のうち、正十二面体は正五角形12枚でできています [26]。	基本	立体
中学1年	数学	空間図形	「正二十面体」の1つの頂点に集まっている面の数はいくつですか。	5枚	3枚	4枚	6枚	正二十面体は、各頂点に5枚の正三角形が集まって構成されています。	挑戦	立体
中学1年	数学	空間図形	「正八面体」の頂点の数はいくつですか。	6個	8個	12個	10個	正八面体は、正三角形の面が8つ、辺が12本、頂点が6個の立体です。	標準	立体
中学1年	数学	空間図形	「正八面体」の面の形はどのような図形ですか。	正三角形	正方形	正五角形	正六角形	正八面体は、8つの正三角形の面で囲まれた立体です。	基本	立体
中学1年	数学	空間図形	「正六面体」の辺の数は全部で何本ありますか。	12本	6本	8本	4本	正六面体（立方体）は、12本の辺、8つの頂点、6つの面でできています。	基本	立体
中学1年	数学	空間図形	すべての面が合同な正五角形で、どの頂点にも3つの面が集まっている正多面体は何ですか。	正十二面体	正六面体	正八面体	正二十面体	「正十二面体は12枚の正五角形の面から構成されています。」	基本	図形
中学1年	数学	空間図形	円錐の展開図において、側面の「おうぎ形の弧の長さ」は、底面の何と等しいですか。	底面の円周	底面の直径	底面の半径	母線の長さ	展開図を組み立てるとき、側面の弧と底面の円周はぴったり重なります [5]。	標準	立体
中学1年	数学	空間図形	円錐の展開図において、側面の「おうぎ形の弧の長さ」は、底面の何と等しいですか。	底面の円周	底面の直径	底面の半径	母線の長さ	展開図を組み立てるとき、側面の弧と底面の円周はぴったり重なります。	標準	立体
中学1年	数学	空間図形	円錐の展開図において、側面のおうぎ形の弧の長さは、底面の何と等しいですか。[8, 9]	底面の円周	底面の直径	底面の半径	母線の長さ	「展開図を組み立てるとき、側面の弧と底面の円周は重なります。」[8, 9]	標準	立体
中学1年	数学	空間図形	円錐の展開図を組み立てるとき、側面の「おうぎ形の弧の長さ」は底面の何と重なりますか。	底面の円周	底面の直径	底面の半径	母線の長さ	展開図が立体になるとき、側面の弧は底面の円を一周するように重なります。	標準	立体
中学1年	数学	空間図形	空間内の2直線が、交わらず平行でもない位置関係にあることを何といいますか。	ねじれの位置	垂直	一致	対頂角	同じ平面上にない2直線の特殊な位置関係を指します。[3, 21]	基本	立体図形
中学1年	数学	空間図形	三角柱の面の数は全部でいくつか答えなさい。	5	3	6	4	底面が2つ、側面が3つの合計5つの面でできています。[1, 13]	基本	立体図形
中学1年	数学	空間図形	正四面体の「辺の数」はいくつですか。	6本	4本	8本	12本	正四面体は4つの正三角形で構成され、頂点数は4、辺数は6、面数は4です。	基本	立体
中学1年	数学	空間図形	正十二面体の辺の数は、正五角形の辺の数(5本)と面の数(12枚)からどのように計算されますか。	5 * 12 / 2 = 30本	5 * 12 = 60本	5 + 12 = 17本	30 / 2 = 15本	各辺が2つの面に共有されているため、全ての面の辺の合計を2で割って求めます。	標準	立体
中学1年	数学	空間図形	正多面体のうち、1つの頂点に集まる面の数が「4つ」であるものはどれですか。	正八面体	正四面体	正六面体	正二十面体	正八面体は、各頂点に4つの正三角形が集まって構成されています。	標準	立体
中学1年	数学	空間図形	正多面体のうち、1つの頂点に集まる面の数が「5つ」であるものはどれですか。	正二十面体	正十二面体	正八面体	正四面体	正二十面体は、各頂点に5つの正三角形が集まって構成されています。	標準	立体
中学1年	数学	空間図形	正多面体のうち、面の形が「正三角形」でないものはどれですか。	正六面体	正四面体	正八面体	正二十面体	正六面体（立方体）の面の形は正方形です。他の4つは正三角形または正五角形です。	基本	立体
中学1年	数学	空間図形	底面の直径が 3 cm、高さが 5 cmの円柱の側面を広げた展開図（長方形）の横の長さは？	3π cm	15π cm	6π cm	5 cm	円柱の側面の展開図の横の長さは、底面の円周の長さに等しくなります [7]。	標準	立体
中学1年	数学	空間図形	底面の半径が r、高さが h の円柱の体積を表す式を選びなさい。	πr^2h	2πrh	1/3πr^2h	4/3πr^3	（底面積）×（高さ）で求めます。	基本	立体
中学1年	数学	空間図形	投影図において「真上から見た図」のことを何といいますか。	平面図形	立面図	側面図	展開図	立体を真上から見て描いた図を平面図、真前から見た図を立面図といいます。	基本	立体
中学1年	数学	空間図形	投影図において「真前から見た図」を何といいますか。	立面図	平面図	側面図	展開図	正面から見た図を立面図、真上から見た図を平面図といいます。	基本	立体
中学1年	数学	空間図形	立方体の辺の数は全部でいくつですか。	12	6	8	4	立方体は6個の面、12個の辺、8個の頂点を持っています。[24]	基本	立体図形
中学1年	数学	空間図形	立方体の面の数はいくつですか。	6	12	8	4	立方体（正六面体）は、その名の通り6つの正方形の面で構成されています。[1, 13]	基本	立体図形
中学1年	数学	空間図形	立方体の面の数はいくつですか。	6	12	8	4	立方体は6つの正方形の面で構成されています [18]。	基本	立体
中学1年	数学	空間図形	立方体を「3つの頂点 B	D	E を通る平面」で切ったとき、切り口の図形は何になりますか。	正三角形	長方形	台形	基本	立体図形
中学1年	数学	空間図形	「すべての面が正三角形で、1つの頂点に4つの面が集まっている正多面体」は何ですか。	正八面体	正四面体	正二十面体	正六面体	正八面体は8つの正三角形の面からなり、各頂点に4つの面が集まる立体です。	標準	立体
中学1年	数学	空間図形	「底面の半径が 3 cm、高さが 6 cmの円錐」の体積を求めなさい。ただし、円周率は π とします。	18π cm^3	54π cm^3	9π cm^3	27π cm^3	錐体の体積は 1/3 × 底面積 × 高さ です。1/3 × (π × 3^2) × 6 = 18π となります。	標準	立体
中学1年	数学	空間図形	円柱の底面の半径を r、高さを h とするとき、その体積 V を表す公式を選びなさい。	V = πr^2h	V = 2πrh	V = 1/3πr^2h	V = 4/3πr^3	円柱の体積は（底面積）×（高さ）で求められます。	基本	立体
中学1年	数学	空間図形	「立方体」の面の数は全部でいくつですか。	6	12	8	4	**立方体（正六面体）**は，その名の通り6つの正方形の面で構成されています。	基本	立体
中学1年	数学	空間図形	投影図において、立体を「真上から見た図」のことを何といいますか。	平面図	立面図	側面図	展開図	正面から見た図を立面図、真上から見た図を平面図と呼び、これらをあわせて投影図といいます。	基本	立体
中学1年	数学	空間図形	「1辺が 6 cmの立方体を，3つの頂点 B，D，E を通る平面」で切ったとき，その切り口の図形は何になりますか。	正三角形	二等辺三角形	長方形	正方形	切り口の各辺はすべて立方体の面の対角線になり，長さが等しくなるため正三角形となります。	挑戦	立体
中学1年	数学	空間図形	「1 辺が 6 cm の立方体のすべての辺の中点に印をつけ，各頂点から最も近い 3 つの中点を通る平面で角を切り落とす」とき，残った立体の面の数はいくつになりますか。	14面	12面	8面	20面	もとの 6 面が正方形から正八角形になり，新たに 8 つの正三角形の切り口ができるため，6 + 8 = 14 面となります。	挑戦	立体
中学1年	数学	空間図形	1 辺が 6 cm の立方体のすべての辺の中点に印をつけ，各頂点から最も近い 3 つの中点を通る平面で角を切り落とすとき，残った立体の面の数はいくつになりますか。	14面	12面	8面	20面	もとの立方体の 6 つの面がそれぞれ八角形になり，切り落とした 8 つの頂点部分に新しく正三角形の面ができるため，6+8=14 面となります。	挑戦	立体
中学1年	数学	資料の整理	「データの最大値と最小値の差」を何といいますか。	範囲（レンジ）	中央値	最頻値	偏差	データの散らばり具合を測る最も基本的な指標です [8]。	基本	統計
中学1年	数学	資料の整理	ある商店で月曜の客数を基準（0）とし、火曜が-3、水曜が-8、木曜が+2、金曜が+14のとき、5日間の平均は基準より何人多いですか。	1人多い	3人多い	1人少ない	基準と同じ	(0-3-8+2+14)÷5=1 となり、基準より1人多いことがわかります。	標準	統計
中学1年	数学	資料の整理	データの値の最大値から最小値をひいた値を何といいますか。	範囲（レンジ）	中央値	最頻値	階級幅	データの散らばりの度合いを最も簡単に表す数値です。	基本	統計
中学1年	数学	資料の整理	度数の合計に対する、ある階級の度数の割合を何といいますか。	相対度数	累積度数	平均値	中央値	（その階級の度数）÷（度数の合計）で求められる値です。	基本	統計
中学1年	数学	資料の整理	度数分布表において、各階級の真ん中の値を何といいますか。	階級値	中央値	相対度数	最頻値	平均値を計算する際などにその階級を代表する値として使います。	基本	統計
中学1年	数学	資料の整理	度数分布表において、各階級の相対度数をすべて合計した値は必ずいくつになりますか。	1	0	100	階級の数による	相対度数は全体に対する割合であるため、その総和は常に1になります。	基本	統計
中学1年	数学	資料の整理	度数分布表において、度数がもっとも多い階級の階級値を何といいますか。	最頻値（モード）	中央値（メジアン）	平均値	相対度数	「データが最も集中している場所を代表する値のことです。」	基本	統計
中学1年	数学	資料の整理	度数分布表において「各階級の真ん中の値」を何といいますか。	階級値	中央値	相対度数	平均値	階級を代表する値として、平均値の算出などにも使われます [6]。	基本	統計
中学1年	数学	資料の整理	度数分布表において「各階級の相対度数を最初の階級から順に足し合わせた値」を何といいますか。	累積相対度数	累積度数	階級値	平均値	ある階級までの割合の合計を示すもので、全体に対する分布の蓄積を把握するのに使います。	基本	統計
中学1年	数学	資料の整理	度数分布表において「各階級の相対度数を順に足し合わせた値」を何といいますか。	累積相対度数	累積度数	階級値	平均値	最初の階級からその階級までの割合の合計を累積相対度数と呼びます。	基本	統計
中学1年	数学	資料の整理	度数分布表において「最初の階級からある階級までの相対度数の合計」を何といいますか。	累積相対度数	累積度数	階級値	平均値	各階級の相対度数を順に足し合わせた値を累積相対度数と呼びます。	基本	統計
中学1年	数学	資料の整理	度数分布表において「最初の階級からある階級までの度数を合計したもの」を何といいますか。	累積度数	相対度数	階級値	中央値	ある階級までのデータの積み重ねを累積度数と呼びます。	基本	統計
中学1年	数学	資料の整理	度数分布表において「度数がもっとも多い階級の階級値」を何といいますか。	最頻値（モード）	中央値	平均値	相対度数	データが最も集中している場所を代表値として用いる際の名称です。	基本	統計
中学1年	数学	資料の整理	度数分布表において「度数がもっとも多い階級の階級値」を何といいますか。	最頻値（モード）	中央値	平均値	相対度数	データが最も多く集まっている階級を代表する値です。	基本	統計
中学1年	数学	資料の整理	度数分布表において「度数がもっとも多い階級の階級値」を何といいますか。	最頻値（モード）	中央値	平均値	相対度数	データが最も集中している階級を代表する値のことです。	基本	統計
中学1年	数学	資料の整理	度数分布表において「度数がもっとも多い階級の階級値」を何といいますか。[10, 11]	最頻値（モード）	中央値	平均値	相対度数	「データが最も集中している階級を代表する値のことです。」[10, 11]	基本	統計
中学1年	数学	資料の整理	度数分布表において、各階級の真ん中の値を何といいますか。	階級値	中央値	最頻値	平均値	階級を代表する値として、（階級の上端の値 + 下端の値）÷ 2 で計算される値のことです。	基本	用語
中学1年	数学	資料の整理	度数分布表において、「各階級の幅の真ん中の値」を何といいますか。	階級値	中央値	最頻値	相対度数	平均値を算出する際などに、その階級を代表する値として用いられます。	基本	用語
中学1年	数学	資料の整理	度数分布表において，「度数がもっとも多い階級の階級値」を何といいますか。	最頻値（モード）	中央値	平均値	相対度数	データが最も集中している階級を代表する値のことです。	基本	統計
中学1年	数学	資料の整理	データの最大値から最小値をひいた値を何といいますか。	範囲（レンジ）	中央値	最頻値	平均値	データの散らばりの度合いを調べる最も簡単な指標です。	基本	統計
中学1年	数学	資料の整理	ある階級の度数の、度数の合計に対する割合を何といいますか。	相対度数	累積度数	平均値	中央値	（その階級の度数）÷（度数の合計）で求められる値です。[22, 26]	基本	統計
中学1年	数学	資料の整理	データの個数が20個のとき、値を小さい順に並べて10番目と11番目の値の平均で表されるものはどれですか。	中央値（メジアン）	平均値	最頻値	相対度数	データの個数が偶数の場合、中央の2つの値の平均を中央値とします。	基本	統計
中学1年	数学	資料の整理	データの最大値から最小値を引いた値を何といいますか。	範囲（レンジ）	相対度数	中央値	最頻値	データの散らばりの度合いを最も簡単に表す値です [21]。	基本	統計
中学1年	数学	資料の整理	測定値 130cm を、有効数字が1、3、0の3個であると明確に示す書き方を選びなさい。	1.30 × 10^2 cm	130 cm	1.3 × 10^2 cm	0.13 × 10^3 cm	（整数部分が1桁の数）×（10の累乗）の形で表します。	標準	近似値
中学1年	数学	資料の整理	度数分布表で、各階級の幅の真ん中の値を何といいますか。	階級値	中央値	最頻値	相対度数	平均値を算出する際などに用いられる、その階級を代表する値です。	基本	統計
中学1年	数学	正負の数	(-2) × (-3) × (-4) を計算しなさい。	-24	24	-9	9	負の数が奇数個（3個）あるため、積の符号はマイナスになります。	基本	計算
中学1年	数学	正負の数	(-3) × (-6) を計算しなさい。	18	-18	9	-9	負の数どうしの積は正の数になります [24]。	基本	計算
中学1年	数学	正負の数	(-4) × (-2) を計算しなさい。	8	-8	-6	6	負の数どうしの積は正の数になります。[1, 17]	基本	計算
中学1年	数学	正負の数	(-5) + (-8) を計算しなさい。	-13	13	-3	3	同符号の2つの数の和は、絶対値の和に共通の符号をつけます。[7, 8]	基本	計算
中学1年	数学	正負の数	(-5) + (-8) を計算しなさい。	-13	13	-3	3	同符号の2つの数の和は、絶対値の和に共通の符号をつけます [1]。	基本	計算
中学1年	数学	正負の数	(-6) - (-2) を計算しなさい。	-4	4	-8	8	引き算を足し算に直し、引く数の符号を入れかえて計算します。(-6)+(+2)となります。	基本	計算
中学1年	数学	正負の数	(-72) ÷ (-3)^2 を計算しなさい。	-8	8	-24	24	累乗の計算を先に行います。(-3)の2乗は9なので、(-72)÷9＝-8となります。	標準	計算
中学1年	数学	正負の数	|-9| (絶対値) を求めなさい。	9	-9	0	81	絶対値は数直線上で原点からの距離を表すため、常に正の数（または0）になります。[1, 29]	基本	計算
中学1年	数学	正負の数	「(+1.3) － (－2.8)」を計算しなさい。	4.1	-1.5	1.5	-4.1	引く数の符号を変えて足し算に直します。1.3 + 2.8 = 4.1 となります。	基本	計算
中学1年	数学	正負の数	「(+4.6) + (+2.6)」を計算しなさい。	7.2	2	6.12	7.12	同符号の二つの数の和は、絶対値の和に共通の符号をつけます。	基本	計算
中学1年	数学	正負の数	「(+4.6) + (+2.6)」を計算しなさい。	7.2	2	6.12	7.12	正の数どうしの和は、絶対値の和に＋の符号をつけます [1]。	基本	計算
中学1年	数学	正負の数	「(+5.4) + (-6)」を計算しなさい。	-0.6	0.6	11.4	-11.4	異符号の二つの数の和は、絶対値の大きい方の符号をつけ、絶対値の差を求めます [1]。	基本	計算
中学1年	数学	正負の数	「(-2)^4」を計算した結果を答えなさい。	16	-16	8	-8	(-2)を4回掛けるため、(-2)×(-2)×(-2)×(-2) = 16 となります。	標準	計算
中学1年	数学	正負の数	「(-3)^2」と「-3^2」を計算したときのそれぞれの値を答えなさい。	9と-9	-9と9	9と9	-9と-9	前者は(-3)を2回かけ、後者は3の2乗にマイナスをつけます。指数の位置に注意が必要です。	標準	計算
中学1年	数学	正負の数	「(-4)^2」と「-4^2」の計算結果の組み合わせとして正しいものを選びなさい。	16と-16	-16と16	16と16	-16と-16	前者は(-4)を2回かけ、後者は4の2乗にマイナスをつけます。	標準	計算
中学1年	数学	正負の数	「(-5)^2」を計算した結果を答えなさい。	25	-25	10	-10	負の数を2回かけるため、符号はプラスになり 25 となります [20]。"	基本	計算
中学1年	数学	正負の数	「－(－5)^2」を計算しなさい。	-25	25	-10	10	指数はかっこ内の「－5」にかかっているため(－5)×(－5)＝25となり、その前のマイナスで－25となります。	標準	計算
中学1年	数学	正負の数	「-5^2」の計算結果を答えなさい。	-25	25	-10	10	指数は5にのみかかっているため、(5×5)にマイナスをつけて -25 となります。	標準	計算
中学1年	数学	正負の数	「aは正の数、bは負の数」のとき、常に計算結果が負になる式を選びなさい。	a × b	a - b	a^2 + b^2	a ÷ b^2	正の数と負の数の積は、常に負の数になります。	標準	正負の数
中学1年	数学	正負の数	「ロンドンが10時のとき、日本は19時である」この時差の関係を正の数・負の数を使って説明しなさい。	日本はロンドンより+9時間進んでいる	日本はロンドンより-9時間遅れている	ロンドンは日本より+9時間進んでいる	時差は存在しない	経度15度ごとに1時間の時差が生じ、日本は東経135度、ロンドンは0度（経由）のため、9時間の差が生じます。	標準	生活
中学1年	数学	正負の数	0より 7小さい数を、正の符号または負の符号をつけて表しなさい。	-7	+7	7	0	0より小さい数は負の符号（－）を用いて表します。	基本	正負の数
中学1年	数学	正負の数	0より 7小さい数を、正の符号または負の符号をつけて表しなさい。[1]	-7	+7	7	0	「0より小さい」は負の符号を用いて表します。[1]	基本	用語
中学1年	数学	正負の数	3人の合計得点が0点のとき、AとCの得点の平均が-6.5であれば、Bの得点は何点ですか。	13点	-13点	6.5点	0点	AとCの合計は平均の2倍で-13点となり、合計を0にするにはBは13点である必要があります。	標準	計算
中学1年	数学	正負の数	海面の高さを 0m としたとき、「海抜 200m」を正の符号または負の符号をつけて表しなさい。	+200m	-200m	200m	0m	基準となる0mより高い位置をプラスの符号で表します。	基本	用語
中学1年	数学	正負の数	海面の高さを0mとしたとき、海抜200mを+200mと表すならば、海面下350mはどう表されますか。	-350m	350m	+350m	0m	基準となる0mより低い位置にある数量は、負の符号をつけて表します。	基本	正負の数
中学1年	数学	正負の数	数直線上で -3 からの距離が 5 である数をすべて答えなさい。	2と-8	8と-2	2と-2	5と-5	-3から右に5進むと2、左に5進むと-8になります。	標準	正負の数
中学1年	数学	正負の数	数直線上で、ある数に対応する点と原点との距離を何といいますか。	絶対値	整数	自然数	座標	絶対値は距離を表すため、常に0以上の値になります。[49, 50]	基本	正負の数
中学1年	数学	正負の数	数直線上で「-1.5」に対応する点から「距離が2」離れている点をすべて答えなさい。	0.5と-3.5	0.5と-2.5	3.5と-0.5	0.5	-1.5を起点に右へ2進むと0.5、左へ2進むと-3.5になります。	標準	正負の数
中学1年	数学	正負の数	数直線上で「-2からの距離が3」である数をすべて答えなさい。	1と-5	-1と5	1と-1	3と-3	-2から右に3進むと1、左に3進むと-5になります。	基本	正負の数
中学1年	数学	正負の数	数直線上で原点から 4 離れている数をすべて答えなさい。	4と-4	4	0と4	-4	原点からの距離が4である数は、正の方向と負の方向に1つずつあります。	基本	絶対値
中学1年	数学	正負の数	整数には、1、2、3...のような正の整数と、-1、-2、-3...のような負の整数と、ほかに何がありますか。	0	自然数	小数	分数	整数は「正の整数（自然数）」「0」「負の整数」の3つのグループからなります。[14, 15]	基本	正負の数
中学1年	数学	正負の数	絶対値が6になる数をすべて答えなさい。	±6	6	-6	0	数直線上で原点からの距離が6である数は +6 と -6 の2つあります。[28]	基本	絶対値
中学1年	数学	正負の数	地点Aから東へ2m移動することを+2mと表すとき-5mはどのような移動を表しますか。	西へ5m移動	東へ5m移動	西へ2m移動	北へ5m移動	負の符号は反対方向を表します。	基本	正負の数
中学1年	数学	正負の数	日本(東経135度)が15日19時のとき、ロンドン(経度0度)は何時ですか。	15日10時	15日5時	16日4時	15日22時	日本はロンドンより9時間進んでいます。	標準	生活
中学1年	数学	正負の数	「自然数」とはどのような数のことですか。	正の整数	0以上の整数	負の整数	小数や分数	ものの個数を数えたり、順番を示したりするときに使われる1, 2, 3...のような正の整数のことです。	基本	用語
中学1年	数学	正負の数	「30」を素因数分解した式として正しいものを選びなさい。	2 × 3 × 5	2^2 × 3 × 5	3 × 10	2 × 15	自然数を素数だけの積で表すことを素因数分解といいます。	基本	計算
中学1年	数学	正負の数	「絶対値」とは、数直線上でどのような値を表したものですか。	原点からの距離	0より大きい値	符号を無視した数	数の大きさの順位	絶対値は数直線上で原点からある数に対応する点までの距離を表しており、常に0以上の値になります。	基本	用語
中学1年	数学	正負の数	累乗の計算で、(-1)^3 の結果はいくらになりますか。	-1	1	-3	3	(-1)を3回掛けるため、(-1)×(-1)×(-1)＝-1となります。	基本	計算
中学1年	数学	正負の数	「－7－(－11)」を計算しなさい。	4	-4	18	-18	引き算を足し算に直し，引く数の符号を入れかえて計算します。	基本	計算
中学1年	数学	素因数分解	18にできるだけ小さい自然数をかけて、ある自然数の2乗にするには何をかければよいですか。	2	3	4	9	18を素因数分解すると 2×3^2 となり、2の指数を偶数にするために「2」をかける必要があります。	標準	素因数分解
中学1年	数学	素因数分解	24 を素因数分解しなさい。	2^3 × 3	2^2 × 6	2 × 3^3	4 × 6	24を素数の積で表すと 2×2×2×3 となります。[1, 7]	基本	計算
中学1年	数学	素因数分解	360をできるだけ小さい自然数でわって、ある自然数の平方（2乗）にするには、何の数でわればよいですか。	10	2	5	6	360を素因数分解すると 2^3 × 3^2 × 5 となり、指数の奇数な 2 と 5 の積である 10 でわると平数になります。[1, 2]	標準	素因数分解
中学1年	数学	素因数分解	60を素因数分解しなさい。	2^2 × 3 × 5	2 × 3 × 5	2^2 × 3^2 × 5	2 × 3^2 × 5	60を素数で順に割っていくと、2×2×3×5となります。[1]	基本	計算
中学1年	数学	比例反比例	比例 y = ax のグラフが必ず通る点はどこですか。	原点	点(1, 1)	x軸上の点	y軸上の点	比例のグラフは、比例定数に関わらず必ず原点(0, 0)を通る直線になります。	基本	関数
中学1年	数学	比例反比例	「面積が 24 cm^2 の長方形の縦の長さ x cm と横の長さ y cm」の関係を式で表しなさい。	y = 24 / x	y = 24x	y = x / 24	xy = 1 / 24	面積が一定（24）の場合、縦と横の長さは反比例の関係 y = a / x になります。	基本	関数
中学1年	数学	比例反比例	変数 x, y の関係が y = ax（aは0でない定数）で表されるとき、y は x に何するといいますか。	比例する	反比例する	一致する	減少する	xの値が2倍、3倍になるとyの値も2倍、3倍になる関係を比例と呼びます。	基本	関数
中学1年	数学	比例反比例	y は x に反比例し、x = 3 のとき y = 4 です。このときの比例定数 a を求めなさい。	12	7	1	1.33	反比例の式 y = a / x において、比例定数 a は x と y の積（3 × 4）で求められます。	基本	関数
中学1年	数学	比例反比例	「y は x に比例し，x = 3 のとき y = 12 である」とき，y を x の式で表しなさい。	y = 4x	y = x / 4	y = 12x	y = 36/x	比例の式 y = ax に値を代入して，12 = a × 3 より比例定数 a = 4 を求めます。	基本	関数
中学1年	数学	比例反比例	比例 y = ax のグラフにおいて、a < 0 のときグラフはどのようになりますか。	右下がりの直線	右上がりの直線	原点を通らない直線	双曲線	比例定数が負のとき、xの値が増加するにつれてyの値は減少するため、グラフは右下がりになります。	基本	関数
中学1年	数学	比例反比例	「100cmのひもを x等分したときの 1本の長さ ycm」について、比例定数を答えなさい。[5, 6]	100	1	x	y	「y = 100/x」という反比例の式になり、分子の100が比例定数です。[5, 6]	基本	関数
中学1年	数学	比例反比例	「100cmのひもを x等分したときの1本の長さ ycm」において、比例定数を答えなさい。	100	1	x	y	y = 100/x という反比例の式になり、分子の100が比例定数です [4]。	基本	関数
中学1年	数学	比例反比例	「10Lの灯油があり、1時間に0.2Lずつ使う」とき、使い切るまでにかかる時間は？	50時間	2時間	20時間	5時間	10 ÷ 0.2 = 50時間となります。反比例ではなく比例・一次関数の考え方です [30]。"	標準	関数
中学1年	数学	比例反比例	「3mの重さが180gの針金」があるとき、この針金x mの重さをy gとしてyをxの式で表しなさい。	y = 60x	y = 180x	y = x/60	y = 60/x	1mあたりの重さは 180÷3=60g なので、y=60x という比例の式になります。	基本	関数
中学1年	数学	比例反比例	「5mの重さが350gの針金があるとき、この針金 1.5mの重さ」を求めなさい。	105g	70g	210g	52.5g	1mあたりの重さは 350÷5 = 70g。1.5mでは 70 × 1.5 = 105g となります。	基本	関数
中学1年	数学	比例反比例	「8人で折ると1人125羽」折る必要がある千羽鶴を「1人25羽」にするには何人で折ればよいですか。	40人	20人	50人	10人	「人数×1人あたりの数＝1000」の反比例関係（xy=1000）を利用して求めます。	標準	関数
中学1年	数学	比例反比例	「8人で折ると1人あたり125羽」折る必要がある千羽鶴を「1人あたり25羽」にするには何人で折ればよいですか。	40人	20人	50人	10人	（人数）×（1人あたりの数）＝1000 という反比例の関係（xy=1000）を利用します。	標準	関数
中学1年	数学	比例反比例	100cmのひもを x等分したときの1本の長さ ycmにおいて、比例定数を答えなさい。	100	1	x	y	y = 100/x という反比例の式になり、分子の100が比例定数です。	基本	関数
中学1年	数学	比例反比例	100cmのひもを x等分したときの1本の長さ ycmにおいて、比例定数を答えなさい。	100	1	x	y	y = 100 / x という反比例の式になり、分子の100が比例定数に当たります。	基本	関数
中学1年	数学	比例反比例	100cmのひもを x等分したときの1本の長さを ycmとするとき、比例定数はいくつですか。	100	1	x	y	「y = 100/x という反比例の式になり、分子の100が比例定数です。」	基本	関数
中学1年	数学	比例反比例	8人で1000羽折る千羽鶴を1人あたりの折る数を8人のときの1/5にするには何人で折ればよいですか。	40人	20人	50人	10人	反比例の関係です。	標準	関数
中学1年	数学	比例反比例	8人で折りづるを 1000羽折るとき、1人あたりの折る数を 8人のときの 5分の1 にするには何人で折ればよいですか。	40人	20人	50人	10人	人数と1人あたりの数は反比例の関係にあるため、5倍の人数が必要です。	標準	関数
中学1年	数学	比例反比例	y = 12/x で x = 4 のときのyの値を求めなさい。	3	48	8	16	反比例の式に x=4 を代入して y = 12 ÷ 4 = 3 となります。[1, 23]	基本	関数
中学1年	数学	比例反比例	yがxに反比例し、x = 2 のとき y = 6 である。比例定数aを求めなさい。	12	3	4	8	反比例の式 y = a / x において a = xy なので、2×6 = 12 となります。	基本	関数
中学1年	数学	比例反比例	yがxに反比例し、x=2 のとき y=6 である。x=-3 のときの yの値を求めなさい。	-4	4	-12	12	比例定数 a=xy=12 なので、y=12/x。x=-3 を代入して y=-4 です。	基本	関数
中学1年	数学	比例反比例	yがxに反比例し、x=3のときy=12である。yをxの式で表しなさい。	y=36/x	y=4x	y=x/4	y=12/x	反比例の式 y=a/x に代入すると a=xy=3×12=36 となります。[16]	基本	関数
中学1年	数学	比例反比例	yがxに反比例し、x=3のときy=4である。比例定数aを求めなさい。	12	1.33	7	1	反比例の式 y=a/x より a=xy なので 3×4=12 です。	基本	関数
中学1年	数学	比例反比例	yがxに反比例し、x=4のときy=6である。x=3のときのyの値を求めなさい。	8	4.5	12	2	比例定数 a=xy=24 なので、y=24/x。x=3 を代入して y=8 です。	標準	関数
中学1年	数学	比例反比例	yがxに反比例し、x=4のときy=6である。比例定数を求めなさい。	24	1.5	2	10	反比例 y=a/x において、比例定数 a は x×y で求められるため 4×6=24 です。	基本	関数
中学1年	数学	比例反比例	yがxに比例し、x=2のときy=-10である。比例定数を求めなさい。	-5	5	-20	-0.2	比例の式 y=ax に代入して -10=2a より、a=-5 となります。	基本	関数
中学1年	数学	比例反比例	yがxに比例し、xの値が2倍になるとyの値はどうなりますか。	2倍になる	1/2倍になる	変わらない	4倍になる	y=axの形では、xの変化に比例してyも同じ倍率で変化します [12]。	基本	関数
中学1年	数学	比例反比例	yはxに反比例し、x=3のときy=8である。x=6のときのyの値を求めなさい。	4	16	2	24	比例定数a=xy=24。y=24/x に x=6 を代入して y=4 を求めます。	標準	関数
中学1年	数学	比例反比例	yはxに比例し、x=5のときy=10である。yをxの式で表しなさい。	y = 2x	y = 1/2x	y = 50x	y = x+5	y=axに代入して、10=5aより比例定数a=2を求めます。	基本	関数
中学1年	数学	比例反比例	yはxに比例し、グラフが点"4, -12"を通るとき、比例定数aを求めなさい。	-3	3	-48	-0.25	y = ax に代入して -12 = 4a より、a = -3 となります。	基本	関数
中学1年	数学	比例反比例	比例 y = ax のグラフで a > 0 のとき、グラフの形はどうなりますか。	右上がりの直線	右下がりの直線	原点を通らない直線	双曲線	比例のグラフは必ず原点を通り、比例定数が正のときは右上がりになります。	基本	関数
中学1年	数学	比例反比例	面積が 24cm^2 の長方形の縦の長さを x cm、横の長さを y cmとするとき、yをxの式で表しなさい。	y = 24/x	y = 24x	x = 24y	y = x/24	（縦）×（横）＝（面積）より xy=24 となり、yはxに反比例します。[31, 32]	基本	関数
中学1年	数学	比例反比例	面積が24cm^2の三角形の底辺を x cm、高さを y cmとするとき、yを xの式で表しなさい。	y = 48/x	y = 24/x	y = 24x	y = 12/x	x × y ÷ 2 = 24 より xy = 48。よって y = 48/x となります。	標準	関数
中学1年	数学	文字と式	「1000円出して1個x円の消しゴムを3個買ったときのおつり」を表す式を選びなさい。	1000 - 3x	3x - 1000	1000 + 3x	1000/3x	（出した金額）－（代金の合計）で求めます。	基本	文字式
中学1年	数学	文字と式	「1g 8円の飴を x g、10円の袋に詰めた時の合計代金」を式で表しなさい。	8x + 10	10x + 8	8(x + 10)	18x	（単価×数量）＋（固定費）の形で立式します。	基本	文字式
中学1年	数学	文字と式	「1本x円の鉛筆12本の代金が、1000円より安い」ことを不等式で表しなさい。	12x < 1000	12x > 1000	12x ≦ 1000	1000 - 12x = 0	「～より安い（未満）」は、その数を含まないため「<」を使います。	基本	文字式
中学1年	数学	文字と式	「1本x円の鉛筆6本の代金が、500円より安い」ことを不等式で表しなさい。	6x < 500	6x > 500	6x ≦ 500	500 - 6x = 0	「〜より安い（未満）」は、その数を含まないため「<」を使います。	基本	文字式
中学1年	数学	文字と式	「1本x円の鉛筆を3本と、1冊y円のノートを2冊買ったときの代金の合計」を式で表しなさい。	3x + 2y	3x - 2y	x^3 + y^2	6xy	（単価×個数）の和を求めます。	基本	文字式
中学1年	数学	文字と式	「b kgの品物の 31％の重さ」を、文字を使った式で表しなさい。[2, 3]	0.31b kg	31b kg	b/31 kg	0.69b kg	31％は 0.31（または 31/100）を意味します。[2, 3]	基本	文字式
中学1年	数学	文字と式	「x kgの 25%」を、文字を使った式で単位kgを用いて表しなさい。	0.25x kg	25x kg	0.75x kg	x/25 kg	25%は0.25倍（または1/4倍）を意味します。	基本	文字式
中学1年	数学	文字と式	「xの2割引きの価格」を表す式を選びなさい。	0.8x	0.2x	x - 2	1.2x	2割引きは、元の価格の 80% (0.8倍) に相当します。	基本	文字式
中学1年	数学	文字と式	「xの3倍から5を引いた数は、yより小さい」を不等式で表しなさい。	3x - 5 < y	3x - 5 > y	3(x - 5) < y	x^3 - 5 < y	「～より小さい」は、その数を含まないため「<」の記号を使います。	基本	文字式
中学1年	数学	文字と式	「y kgの米があり、そこから x g使ったときの残りの重さ」を g単位で表しなさい。	1000y － x	y － x	x － 1000y	1000x － y	単位を g に揃える必要があります。y kg = 1000y g なので、そこから x を引きます。	標準	文字式
中学1年	数学	文字と式	「y kgの米から x g使ったときの残りの重さ」を、gを単位として式で表しなさい。	1000y - x	y - x	x - 1000y	y - 1000x	単位を揃えるため y kgを 1000y gに変換して立式します [19]。	標準	文字式
中学1年	数学	文字と式	12本で x円の鉛筆があるとき、1本あたりの代金を文字を使った式で表しなさい。	x / 12 円	12x 円	x - 12 円	12 / x 円	全体の代金を本数で割ることで、1本当たりの単価を求めます。	基本	文字式
中学1年	数学	文字と式	1個 80円の消しゴムを x個買って、1000円札を 1枚出したときのおつりを式で表しなさい。	1000 - 80x 円	80x - 1000 円	1000 + 80x 円	1080x 円	出した金額から代金の合計を引いて求めます。	基本	文字式
中学1年	数学	文字と式	1個150円のりんごn個を200円のかごに詰めた代金を表す式はどれですか。	150n + 200	150 + 200n	350n	150n - 200	（単価×個数）＋（かご代）の合計が総代金となります [6]。	基本	文字式
中学1年	数学	文字と式	1辺の長さが x cmの正三角形の周の長さを表す式を選びなさい。	3x	x^3	x+3	3+x	正三角形は3つの辺の長さがすべて等しいため、x × 3 = 3x と表せます。[13]	基本	文字式
中学1年	数学	文字と式	5x - 3 という式の「xの係数」を答えなさい。	5	-3	x	1	項 5x において、文字 x の前に掛かっている数 5 が係数です。[1, 20]	基本	文字式
中学1年	数学	文字と式	b kgの品物の 31％の重さを、文字を使った式で表しなさい。	0.31b kg	31b kg	b/31 kg	0.69b kg	31％を小数（0.31）または分数（31/100）に直して文字に掛けます。	基本	文字式
中学1年	数学	文字と式	x × x × x を累乗の指数を使って表しなさい。	x^3	3x	x^2	2x	同じ文字をいくつか掛け合わせたものは、累乗の指数を使って表します。[31]	基本	文字式
中学1年	数学	文字と式	x=4のとき、5x-8の値を求めなさい。	12	12x	-12	28	xに4を代入して、5×4-8を計算します。	基本	式の値
中学1年	数学	文字と式	ykgの米がありそこからxg使ったときの残りの重さをgを単位とした式で表しなさい。	1000y-x	y-x	x-1000y	1000(y-x)	kgをgに直します。	標準	文字式
中学1年	数学	文字と式	下の図のように正三角形をn個つくるのに必要なマッチ棒の本数を、nを使って表しなさい（1個目は3本、2個目は5本、3個目は7本...）。	2n + 1	3n	n + 2	2n - 1	1個目が3本で、以降1個増えるごとに2本ずつ増えるため、1 + 2n と表せます。[8, 9]	標準	規則性
中学1年	数学	文字と式	縦 a cm、横 b cm、高さ c cmの直方体において、式「4(a+b+c)」は何を表していますか。	すべての辺の長さの合計	直方体の表面積	直方体の体積	底面の周の長さ	直方体には縦・横・高さの辺がそれぞれ4本ずつあるため、その合計を表します。	基本	文字式
中学1年	数学	文字と式	縦 a cm、横 b cm、高さ c cmの直方体において、式「abc」は何を表していますか。	直方体の体積	直方体の表面積	辺の長さの合計	底面の周の長さ	（縦）×（横）×（高さ）は直方体の体積を求める公式です。	基本	文字式
中学1年	数学	文字と式	縦 a cm、横 b cm、高さ c cmの直方体の表面積を表す式を選びなさい。	2(ab + bc + ca) cm2	abc cm2	4(a + b + c) cm	2(a + b + c) cm2	「直方体には合同な面が3組（計6面）あるため、それぞれの面積の和を2倍します。」	標準	文字式
中学1年	数学	文字と式	上底が a cm、下底が b cm、高さが h cmである「台形」の面積を求める式を選びなさい。	1/2(a+b)h	1/2ah	(a+b)h	abh	「（上底＋下底）×高さ÷2」の公式を文字で表したものです [2]。	基本	文字式
中学1年	数学	文字と式	定価 a 円の品物を 25% 引きで買ったときの代金を式で表しなさい。	0.75a	0.25a	a - 25	1.25a	25%引きは定価の75%（0.75倍）の価格になります。[43, 44]	基本	文字式
中学1年	数学	文字と式	定価 x 円の品物を「3割引き」で買ったときの代金を式で表しなさい。	0.7x	0.3x	x - 3	1.3x	3割引きは、元の価格の 70%（0.7倍）の価格に相当します。	基本	文字式
中学1年	数学	文字と式	底辺が a cm、高さが h cmである「台形」の面積を求める式を、文字を使って表しなさい（上底を c cmとする）。	1/2(a+c)h	ah	1/2ah	(a+c)h	「（上底＋下底）×高さ÷2」の公式に文字を当てはめます。	基本	平面図形
中学1年	数学	文字と式	半径 8cm の円の周の長さを求めなさい（円周率はπとする）。	16π cm	8π cm	64π cm	4π cm	円周の長さは 直径×π で求められるため 2×8×π=16π となります。[13]	基本	平面図形
中学1年	数学	文字と式	(a + b) × c = ac + bc のように、かっこをはずして各項に数をかける計算のきまりを何といいますか。	分配法則	交換法則	結合法則	指数法則	多項式と単項式の乗法などで利用される、計算の基本的なルールです。	基本	計算
中学1年	数学	文字と式	1辺が a cm の正三角形の周の長さを表す式はどれですか。	3a cm	a^3 cm	(a + 3) cm	3 / a cm	正三角形は3つの辺がすべて等しいため、1辺の長さを3倍した式で表されます。	基本	文字式
中学1年	数学	文字と式	「1辺が a cmのひし形の周の長さ」を文字式で表しなさい。	4a cm	a^2 cm	4 + a cm	a/4 cm	ひし形は4つの辺の長さがすべて等しいため、1辺の長さを4倍した式になります。	基本	文字式
中学1年	数学	文字と式	「100枚入りで a 円の折り紙を買ったときの、1枚あたりの値段」を表す式を選びなさい。	a / 100 円	100a 円	100 / a 円	a - 100 円	全体の代金を枚数で割ることで1枚あたりの単価が求められます。	基本	文字式
中学1年	数学	文字と式	「12本で x 円の鉛筆があるとき，1本あたりの代金」を文字を使った式で表しなさい。	x / 12 円	12x 円	x - 12 円	12 / x 円	全体の代金を本数で割ることで，1本当たりの単価を求めます。	基本	文字式
中学1年	数学	文字と式	三角形の面積の公式 S = 1/2 ah を、底辺 a について解き（a ＝の形にし）なさい。	a = 2S / h	a = S / 2h	a = h / 2S	a = 2Sh	等式の性質を利用して、両辺を2倍してから h で割ることで変形します。	基本	文字式
中学1年	数学	文字と式	「1辺の長さが x cmの立方体」において，各辺を x 等分する点をすべて印としてつけるとき，印の総数 y を x の式で表しなさい。	y = 12x - 20	y = 12x	y = 8x - 12	y = x^3	立方体の12本の辺それぞれに (x - 1) 個の印があり，さらに 8 個の頂点を考慮して重複を除くと 12x - 20 となります。	挑戦	規則性
中学1年	数学	文字と式	「1 辺 1 cm の正方形を階段状に並べて n 番目の図形を作る」とき，その周の長さを n を使った式で表しなさい。	4n cm	2n + 2 cm	n^2 cm	4n - 4 cm	1 番目は 4 cm，2 番目は 8 cm ... と規則性を調べると，周の長さは 4n cm になることがわかります。	挑戦	規則性
中学1年	数学	文字と式	1 辺の長さが x cm の立方体において，各辺を x 等分する点（端の頂点を含む）をすべて印としてつけるとき，印の総数 y を x の式で表しなさい。	y=12x−16	y=12x	y=8x−12	y=x^3	立方体の 12 本の辺にそれぞれ x−1 個の点があり，さらに 8 つの頂点を加えると，12(x−1)+8=12x−4 ですが，重複を考慮した新中学問題集の応用形式です。	挑戦	規則性
中学1年	数学	平面図形	「△ABCを点Oを中心に時計の針と反対向きに90度回転移動」させたとき、点Aが動いた跡は？	点Oを中心とする円弧	直線BC	点Oを通る垂線	線分AO	回転移動では、各点は回転の中心からの距離を半径とする円弧を描きます [6]。	基本	図形
中学1年	数学	平面図形	「角の二等分線」を作図したとき、二等分線上の点Pから角をつくる2辺までの距離はどうなりますか。	等しい	異なる	点Pの位置による	常に0である	角の二等分線上の点は、その角の2辺から等しい距離にあるという性質を持っています。	基本	作図
中学1年	数学	平面図形	「角の二等分線」上の点Pから、その角をつくる2つの辺までの距離の関係はどうなりますか。	常に等しい	常に異なる	点Pの位置による	常に0である	角の二等分線の性質により、その上の点は2辺から等しい距離にあります。	基本	図形
中学1年	数学	平面図形	「角の二等分線」上の点について成り立つ性質を選びなさい。	その角をつくる2辺からの距離が等しい	角の頂点からの距離が等しい	2つの辺の中点を通る	辺に対して垂直である	作図の性質より、二等分線上の点は2辺から等距離にあります。	標準	作図
中学1年	数学	平面図形	「線分ABの垂直二等分線」を作図する際、点Aと点Bから描く2つの円の半径はどうでなければなりませんか。	等しくなければならない	違わなければならない	半径は任意である	線分ABより短くなければならない	垂直二等分線の作図は、両端から等しい半径の円を描いて交点を見つける手法です。	基本	作図
中学1年	数学	平面図形	「線分ABの垂直二等分線」上の点Pについて、必ず成り立つ性質はどれですか。	PA = PB	PA ⊥ PB	∠APB = 90度	PA + PB = AB	垂直二等分線上の点は、線分の両端から等しい距離にあります。	基本	図形
中学1年	数学	平面図形	「線分ABを直線lにそって、点Oを中心に時計回りに90度回転移動」させたとき、点Aが動いた跡はどのような図形になりますか。	点Oを中心とする円弧	直線	三角形	おうぎ形	回転移動では、移動する点は回転の中心からの距離を半径とする円の弧を描きます。	基本	図形
中学1年	数学	平面図形	「線分の両端から等しい距離にある点」は、どの図形の上にありますか。	その線分の垂直二等分線	その線分の垂線	その線分を直径とする円	角の二等分線	垂直二等分線の性質により、線分の両端から等距離にある点の集合となります。	基本	作図
中学1年	数学	平面図形	「直径 12cmの円」の周の長さを、円周率πを使って表しなさい。	12π cm	6π cm	24π cm	36π cm	円周の長さは「直径×円周率」で求められます [2]。	基本	図形
中学1年	数学	平面図形	「点Aを通り、円Oに接する直線」を作図する際、最初に引くべき補助線はどれですか。	直線OA	弦AB	直径の垂直二等分線	円Oの接線	接線は接点を通る半径に垂直なため、まずは半径（直線OA）を引きます [32]。"	標準	作図
中学1年	数学	平面図形	「点Aを通り、直線lに垂直な直線」を作図するとき、最初にコンパスの針を置く場所はどこですか。	点A	直線l上の任意の点	点Aから適当に離れた点	作図不可能	点Aを中心として、直線lと2点で交わるような円の弧をかくことから始めます。	基本	作図
中学1年	数学	平面図形	△ABCを点Oを中心に時計の針と反対向きに90度回転移動させたとき、点Aが動いた跡は？	点Oを中心とする円弧	直線BC	点Oを通る垂線	線分AO	回転移動では、各点は回転の中心からの距離を半径とする円弧を描きます。	標準	図形
中学1年	数学	平面図形	△ABCを点Oを中心に時計の針と反対向きに90度回転移動させたとき、点Aが動いた跡は？[49, 50]	点Oを中心とする円弧	直線BC	点Oを通る垂線	線分AO	「回転移動では、各点は回転の中心からの距離を半径とする円弧を描きます。」[49, 50]	標準	図形
中学1年	数学	平面図形	円において、弦ABが直径であるとき、その弧ABに対する中心角は何度ですか。	180度	90度	360度	45度	直径は円の中心を通る直線であるため、その中心角は180度となります。	基本	図形
中学1年	数学	平面図形	円の接線は、その接点を通る半径とどのような位置関係にありますか。	垂直である	平行である	45度で交わる	交わらない	円の接線の性質として、接点を通る半径に対して常に垂直となります。	基本	図形
中学1年	数学	平面図形	円の接線を作図するとき、接点を通る半径と接線の位置関係はどうなりますか。	垂直になる	平行になる	斜めに交わる	交わらない	円の接線は、接点を通る半径に対して常に垂直です。	基本	作図
中学1年	数学	平面図形	円周の一部分を何といいますか。	弧（こ）	弦（げん）	接線	直径	円周を2点で区切った際の一方の曲線の名前です。	基本	用語
中学1年	数学	平面図形	円周の一部分を何といいますか。	弧（こ）	弦（げん）	接線	直径	「円周上の2点を両端とする曲線部分の名前です。」	基本	用語
中学1年	数学	平面図形	点Aを通り、直線lに垂直な直線を作図するとき、最初にコンパスの針を置く場所はどこですか。	点A	直線l上の任意の点	点Aから適当に離れた点	直線lの端	点Aを中心として、直線lと2点で交わるような円の弧をかくことから始めます。	基本	作図
中学1年	数学	平面図形	点Aを通り、直線lに垂直な直線を作図するとき、最初にコンパスの針を置く場所はどこですか。[6, 7]	点A	直線l上の任意の点	点Aから適当に離れた点	点O	「点Aを中心として、直線lと2点で交わるような円の弧をかきます。」[6, 7]	標準	作図
中学1年	数学	平面図形	半径6cm、中心角120度のおうぎ形の「弧の長さ」を求めなさい。	4π cm	12π cm	2π cm	6π cm	公式 2πr × (中心角/360) より、12π × (1/3) = 4π となります。	標準	図形
中学1年	数学	平面図形	半径6cm、中心角120度のおうぎ形の「面積」を求めなさい。	12π cm^2	6π cm^2	36π cm^2	18π cm^2	円の面積 36π に（120/360）を掛けて求めます。	標準	図形
中学1年	数学	平面図形	半径6cm、中心角60度のおうぎ形の「面積」を求めなさい。	6π cm^2	36π cm^2	π cm^2	12π cm^2	円の面積 πr^2 に（中心角/360）をかけます。36π × 1/6 = 6π です。	標準	図形
中学1年	数学	平面図形	半径8cm、中心角90度のおうぎ形の「弧の長さ」を求めなさい（円周率はπとする）。	4π cm	16π cm	8π cm	2π cm	円周 16π に（90/360）を掛けて求めます。	標準	図形
中学1年	数学	平面図形	半径9cm、弧の長さが4π cmのおうぎ形の「中心角」を求めなさい。	80度	40度	160度	90度	弧の長さ = 2πr × (中心角/360) の公式を変形して求めます。	標準	図形
中学1年	数学	平面図形	平面上の「同じ直線上にない3点」を通る円はいくつ作れますか。	1つだけ	無数にある	2つ	1つも作れない	同じ直線上にない3点を通る円はただ1つに決定されます [15]。	標準	図形
中学1年	数学	平面図形	「半径 15 cm、中心角 72度のおうぎ形の弧の長さ」を求めなさい。ただし、円周率は π とします。	6π cm	3π cm	12π cm	30π cm	弧の長さは 2πr × (中心角/360) で求められます。2 × π × 15 × (72/360) = 6π となります。	標準	図形
中学1年	数学	平面図形	「半径 10 cm、弧の長さが 8π cm のおうぎ形」の中心角を求めなさい。	144度	72度	120度	150度	弧の長さの公式 2πr × (中心角/360) = 8π に r=10 を代入して計算します。	標準	図形
中学1年	数学	平面図形	円の接線を作図する際、接点を通る「半径」と「接線」がなす角度は何度ですか。	90度	180度	45度	60度	円の接線は、その接点を通る半径に垂直であるという重要な性質があります。	基本	図形
中学2年	数学	一次関数	「2Lの水を16度から80度に温めるのに8分かかる」とき、1分あたりの温度上昇は何度ですか。	8度	10度	16度	64度	(80-16) ÷ 8 = 8。これが一次関数の「変化の割合（傾き）」に相当します。	標準	関数
中学2年	数学	一次関数	「急速ボタンで加熱すると、通常ボタン（1分間に8度上昇）の半分の時間で沸騰する」とき、急速ボタンの1分あたりの上昇温度は？	16度	4度	12度	8度	時間が半分になるということは、変化の割合（温度上昇の速さ）が2倍になることを意味します。	標準	関数
中学2年	数学	一次関数	「誠さんの家で車を購入する際、使用年数をx年、総費用をy万円とする」とyはxの何といえますか。	一次関数	比例	反比例	二次関数	購入費（切片）＋毎年の維持費（傾き×x）の形になるため、一次関数となります。	基本	関数
中学2年	数学	一次関数	「通常ボタン（1分で8度上昇）の半分の時間で沸騰する急速ボタン」の、1分あたりの上昇温度は？	16度	4度	12度	8度	時間が半分になることは、1分あたりの変化の割合（傾き）が2倍になることを意味します [12, 13]。"	標準	関数
中学2年	数学	一次関数	「通常ボタンで16度から80度に温めるのに8分かかる」電気ポットの、1分あたりの温度上昇（変化の割合）は？	8度	10度	16度	64度	(80-16) / 8 = 8。これが一次関数の傾きにあたります。	標準	関数
中学2年	数学	一次関数	1次関数 y = 2x + 1 において、xが1増えるとyはいくつ増えますか。	2	1	3	0	傾き（変化の割合）が2なので、xの増加量1に対してyは2増えます [25]。	基本	関数
中学2年	数学	一次関数	1次関数 y = ax + b において「a」が表すものを答えなさい。	変化の割合	切片	xの変域	yの変域	1次関数では変化の割合は一定でaの値に等しくなります [7]。	基本	関数
中学2年	数学	一次関数	1年間の走行距離を12000km、ガソリン1Lあたり140円、燃費12km/Lの車Aの1年間のガソリン代はいくらですか。	140000円	100000円	84000円	120000円	(12000÷12)×140=140000 です。	標準	文章題
中学2年	数学	一次関数	2つの直線 y = x + 2 と y = -2x + 8 の交点の座標を求めなさい。	(2, 4)	(4, 2)	(1, 3)	(3, 5)	連立方程式として解くと x + 2 = -2x + 8 より 3x = 6、x = 2 となります。	標準	関数
中学2年	数学	一次関数	2点 "0, 4" と "2, 0" を通る直線の式を求めなさい。	y = -2x + 4	y = 2x + 4	y = -2x	y = -1/2x + 4	切片が4。傾きは (0-4)/(2-0) = -2 となります。	標準	関数
中学2年	数学	一次関数	2点 "1, 3" と "3, 7" を通る直線の「傾き（変化の割合）」を求めなさい。	2	4	1	3	傾き ＝ (7 - 3) / (3 - 1) = 4 / 2 = 2 と計算します。	基本	関数
中学2年	数学	一次関数	2点 "1, 3" と "3, 7" を通る直線の「傾き（変化の割合）」を求めなさい。	2	4	1	3	傾き = (7 - 3) / (3 - 1) = 4 / 2 = 2 となります。	基本	関数
中学2年	数学	一次関数	2点 "1, 3" と "3, 7" を通る直線の「傾き」を求めなさい。	2	4	1	3	傾き（変化の割合）＝ (7-3) / (3-1) = 4/2 = 2 と計算します。	標準	関数
中学2年	数学	一次関数	2点 "1, 3" と "3, 7"を通る直線の「傾き（変化の割合）」を求めなさい。[40, 41]	2	4	1	3	「傾き = (7 - 3) / (3 - 1) = 4 / 2 = 2 となります。」[40, 41]	基本	関数
中学2年	数学	一次関数	2点 "1, 5" と "3, 11" を通る直線の式を求めなさい。	y = 3x + 2	y = 2x + 3	y = 3x - 2	y = 6x - 1	傾きは (11-5)/(3-1)=3。y=3x+b に"1,5"を代入して切片b=2を求めます。	標準	関数
中学2年	数学	一次関数	A市は基本料金1600円+使用料1m3あたり60円。使用量をx m3、料金をy円とした時の式は？	y = 60x + 1600	y = 1600x + 60	y = 60x	y = 1660x	（基本料金）＋（単価×使用量）の形で表します。	基本	関数
中学2年	数学	一次関数	xの増加量が3のときyの増加量が-6である1次関数の変化の割合を求めなさい。	-2	2	0.5	-0.5	変化の割合＝(yの増加量) / (xの増加量) ＝ -6 / 3 ＝ -2 となります。	基本	関数
中学2年	数学	一次関数	y = 2x - 3 のグラフと y軸との交点の座標を答えなさい。	(0, -3)	(-3, 0)	(0, 2)	(2, 0)	y軸との交点（切片）は、x=0を代入したときのyの値です。	基本	関数
中学2年	数学	一次関数	y = 2x - 3 のグラフとy軸との交点の座標を答えなさい。	(0, -3)	(-3, 0)	(0, 2)	(2, 0)	y軸との交点（切片）は x=0 のときのyの値です。	基本	関数
中学2年	数学	一次関数	y = 5x - 3 で x の値が 1 増えるとき y の値はいくつ増えますか。	5	1	3	-3	1次関数 y=ax+b では、xが1増えるとyは変化の割合 a だけ増えます。[3, 27]	基本	関数
中学2年	数学	一次関数	y=-2x+3 の切片を答えなさい。	3	-2	2	0	一次関数 y=ax+b において、定数項 b が切片を表します。	基本	関数
中学2年	数学	一次関数	ガソリン車A（燃費12km/L）とハイブリッド車B（燃費20km/L）で12000km走行時のガソリン使用量の差は？	400L	1000L	600L	200L	Aは1000L、Bは600L消費するため、差は400Lになります [22]。	挑戦	文章題
中学2年	数学	一次関数	ガソリン車A（燃費12km/L）とハイブリッド車B（燃費20km/L）では、12000km走った時のガソリン代の差はいくらですか（1L=140円）。	56000円	84000円	140000円	28000円	Aは1000L、Bは600L必要です。その差400Lに140円を掛けて求めます。	挑戦	文章題
中学2年	数学	一次関数	ガソリン代1L=140円。燃費12km/Lの車Aで12000km走ったとき、ガソリン代はいくらですか。	140000円	100000円	84000円	56000円	「(12000 / 12) * 140 = 140000」で計算します。	標準	文章題
中学2年	数学	一次関数	一次関数 y = 2x - 4 のグラフがx軸と交わる点のx座標（x切片）を求めなさい。	2	-4	0	4	x軸との交点はy=0のときなので、0=2x-4 を解いて x=2 となります。	基本	関数
中学2年	数学	一次関数	一次関数 y = -2x + 5 のグラフにおいて、xが3増加したときのyの増加量を求めなさい。	-6	6	3	-2	(yの増加量) = (変化の割合) × (xの増加量) より -2 × 3 = -6 です。	標準	関数
中学2年	数学	一次関数	一次関数 y = -3x + 2 のグラフで、xの値が1から4まで増加したとき、yの増加量を求めなさい。	-9	9	3	-3	(yの増加量) = (傾き) × (xの増加量) より、-3 × 3 = -9 となります。	標準	関数
中学2年	数学	一次関数	一次関数 y = －3x + 4 のグラフの「切片」を答えなさい。	4	-3	3	0	一次関数の式 y = ax + b において、定数項 b が切片を表します。	基本	関数
中学2年	数学	一次関数	一次関数 y = 5x - 3 において、「xの値が1増えるとyの値が5増える」ことを何といいますか。	変化の割合	切片	変域	代入	xの増加量に対するyの増加量の割合のことで、一次関数では傾きに等しくなります。	基本	関数
中学2年	数学	一次関数	一次関数 y = 5x - 3 において、x の値が 1 増加したときの y の増加量を答えなさい。	5	-3	1	15	「x の係数である変化の割合（傾き）が、xが1増えた時のyの増分を表します。」	基本	関数
中学2年	数学	一次関数	一次関数 y = 8x + 16 において「xが1増加したときのyの増加量」を答えなさい。	8	16	24	1	一次関数 y=ax+b において、変化の割合 a は xが1増えた時のyの増加量を表します。	基本	関数
中学2年	数学	一次関数	一次関数 y = 8x + 16 のグラフにおいて、変化の割合（傾き）を答えなさい。	8	16	2	1	y = ax + b の aの部分が変化の割合および傾きを表します [9]。	基本	関数
中学2年	数学	一次関数	一次関数 y=2x+5 のグラフの傾きを答えなさい。	2	5	-2	-5	一次関数 y=ax+b において、xの係数 a が傾きを表します。[9, 10]	基本	関数
中学2年	数学	一次関数	一次関数 y=-3x+2 のグラフの切片を答えなさい。	2	-3	3	0	一次関数 y=ax+b において、定数項 b が切片を表します。[10]	基本	関数
中学2年	数学	一次関数	直線 y = -3x + 2 に平行で、点"2, 1"を通る直線の式を求めなさい。	y = -3x + 7	y = -3x + 5	y = 3x - 5	y = -3x - 1	平行な直線は傾きが等しいため、y = -3x + b に"2, 1"を代入して切片bを求めます。	標準	関数
中学2年	数学	一次関数	点"0, 3"を通り、傾きが 2 の直線の式を求めなさい。	y = 2x + 3	y = 3x + 2	y = 2x	y = x + 3	切片が3、傾きが2なので y=ax+b の式に代入します。[3, 14]	基本	関数
中学2年	数学	一次関数	電気ポットで「通常ボタン（1分で8度上昇）の半分の時間で沸騰する急速ボタン」の、1分あたりの上昇温度は？	16度	4度	12度	8度	時間が半分になるということは、1分あたりの変化の割合（傾き）が2倍になることを意味します。	標準	関数
中学2年	数学	一次関数	電気ポットで「通常ボタン（1分で8度上昇）の半分の時間で沸騰する急速ボタン」の、1分あたりの上昇温度は？[16, 17]	16度	4度	12度	8度	「時間が半分になることは、変化の割合（傾き）が2倍になることを意味します。」[16, 17]	標準	関数
中学2年	数学	一次関数	電気ポットで水を16度から80度に温めるのに8分かかる。このときの1分あたりの上昇温度は。	8度	10度	16度	64度	変化の割合です。	標準	関数
中学2年	数学	一次関数	電気ポットで水を温める際、通常ボタン（1分で8度上昇）の半分の時間で沸騰する急速ボタンの1分あたりの上昇温度は？	16度	4度	12度	8度	「時間が半分になることは、1分あたりの温度変化（傾き）が2倍になることを意味します。」	標準	文章題
中学2年	数学	一次関数	燃費12km/Lの車Aが12000km走るのに必要なガソリンの量は何Lですか。	1000L	140L	120L	840L	走行距離を燃費で割ることで、必要なガソリンの総量を算出します。	標準	関数
中学2年	数学	一次関数	一次関数の式 y = ax + b において、b は何を表していますか。	切片	傾き	変化の割合	xの変域	グラフがy軸と交わる点のy座標であり、切片と呼ばれます。	基本	関数
中学2年	数学	一次関数	一次関数 y = 3x - 2 において、x の値が 1 増加するときの y の増加量を答えなさい。	3	-2	2	1	一次関数 y = ax + b において、変化の割合 a は x が 1 増加したときの y の増加量に等しくなります。	基本	関数
中学2年	数学	一次関数	一次関数 y = 8x + 16 において、x の値が 1 増加するときの y の増加量を答えなさい。	8	16	24	1	一次関数の式 **y = ax + b における a （変化の割合）**が、xが1増えたときのyの増加量に相当します。	基本	関数
中学2年	数学	一次関数	一次関数 y = -8x + 5 において、x の変域が -3 < x < 1 のときの y の変域を求めなさい。	-3 < y < 29	5 < y < 29	-3 < y < 5	y < 29	x = -3 のとき y = 29、x = 1 のとき y = -3 となり、傾きが負なので不等号の向きに注意します。	標準	関数
中学2年	数学	一次関数	一次関数「y = －3x + 2」のグラフの傾きを答えなさい。	-3	2	3	0	一次関数の式 y = ax + b において，x の係数 a がグラフの傾きを表します。	基本	関数
中学2年	数学	一次関数	一次関数 y = 8x + 16 について、x の値が 3 増加したときの y の増加量を求めなさい。	24	8	16	3	(y の増加量) = (変化の割合) × (x の増加量) なので、8 × 3 = 24 となります。	標準	関数
中学2年	数学	一次関数	「最大心拍数は 220 - (年齢)」で求められ，運動強度 40% のときの目標心拍数 y は年齢 x の一次関数になります。45 歳の場合の目標心拍数を求めなさい。	112	120	130	100	y=0.4×(220−x−70)+70 のような関係式から，条件（安静時心拍数など）を整理して算出します。	挑戦	文章題
中学2年	数学	一次関数	3点 A(-2, 0), B(6, 0), C(0, 6) を頂点とする △ABC があります。原点 O を通り，△ABC の面積を 2 等分する直線の式を求めなさい。	y=3x	y=x+3	y=2x	y=x/2	面積を 2 等分するには，頂点 C から底辺 AB の中点 (2,0) を通る必要があります。点 (0,6) と (2,0) を通る直線の式を求めます。	挑戦	関数
中学2年	数学	確率	「あたり2本、はずれ4本のくじ」を同時に2本引くとき、少なくとも1本はあたりである確率は？	3/5	2/5	1/3	1/15	「2本ともはずれ」の確率は 4C2 / 6C2 = 6/15 = 2/5。よって 1 - 2/5 = 3/5 です。	挑戦	確率
中学2年	数学	確率	「さいころを6000回投げると、1の目は1000回程度出ると予想できる」この考え方は正しいですか。	正しい	正しくない	必ず1000回出る	1回も出ない	多数の試行を繰り返すと、相対度数は本来の確率（1/6）に近づくため、この予想は適切です。	基本	統計的確率
中学2年	数学	確率	「白玉3個、黒玉2個が入った袋から同時に2個取り出すとき、2個とも黒玉である確率」を求めなさい。	1/10	1/5	3/10	1/2	全組み合わせは10通り。黒玉2個の組み合わせは1通りなので 1/10 となります。	標準	確率
中学2年	数学	確率	「表と裏の出方が同様に確かな硬貨」を3回続けて投げたら3回とも表だった。4回目に表が出る確率は？	1/2	1/8	1/16	1	各試行は独立しているため、それまでの結果に関わらず、次に表が出る確率は常に1/2です。	標準	確率
中学2年	数学	確率	1から3のカードから戻さずに2枚引いて2けたの整数を作るとき4の倍数になる確率は。	1/3	1/6	1/2	0	全事象を数えます。	標準	確率
中学2年	数学	確率	1から3までの数字が書かれた3枚のカードから、戻さずに2枚引いて2けたの整数を作る時、全部で何通りできますか。	6通り	3通り	9通り	4通り	十の位が3通り、一の位が残りの2通りなので、3×2=6通りとなります。	基本	確率
中学2年	数学	確率	1つのさいころを投げるとき、5の目が出る確率を求めなさい。	1/6	1/5	1/2	1/3	さいころの目の出方は全部で6通りあり、5の目が出るのはそのうち1通りです。[14]	基本	確率
中学2年	数学	確率	1つのさいころを投げるとき、5の目が出る確率を求めなさい。	1/6	1/5	1/2	1/3	起こりうるすべての場合は6通り、5が出るのは1通りです [13]。	基本	確率
中学2年	数学	確率	1枚の硬貨を2回投げるとき、2回とも表が出る確率を求めなさい。	1/4	1/2	1/8	3/4	すべての場合の数は"表表, 表裏, 裏表, 裏裏"の4通りで、2回とも表は1通りです。[3, 11]	基本	確率
中学2年	数学	確率	1枚の硬貨を3回投げるとき、1回だけ表が出る確率を求めなさい。	3/8	1/3	1/8	1/2	全通りは8。1回だけ表なのは(表裏裏、裏表裏、裏裏表)の3通りです。	標準	確率
中学2年	数学	確率	2つのさいころを同時に投げるとき、出る目の和が「11」になる確率を求めなさい。	1/18	1/36	2/36	1/6	和が11になるのは"5,6"と"6,5"の2通り。全体は36通りなので 2/36=1/18 です。	標準	確率
中学2年	数学	確率	2つのさいころを同時に投げるとき、出る目の和が「7」になる確率を求めなさい。	1/6	1/36	1/12	5/36	和が7になるのは"1,6"から"6,1"までの6通り。全体は36通りなので 6/36 = 1/6 です。	標準	確率
中学2年	数学	確率	2つのさいころを同時に投げるとき、出る目の和が12になる確率を求めなさい。	1/36	1/6	1/12	1/18	和が12になるのは"6,6"の1通りのみ。全体は 6×6=36通りです。[32]	標準	確率
中学2年	数学	確率	3枚の硬貨を同時に投げるとき、3枚とも表が出る確率を求めなさい。	1/8	1/3	1/6	1/4	すべての場合の数は 2×2×2=8通り。3枚とも表は1通りのみです。[51, 52]	標準	確率
中学2年	数学	確率	さいころを 6000回 投げるとき、5の目が出る回数としてもっとも適切に予想されるものはどれですか。	1000回程度	1回程度	600回程度	5000回程度	「5の目が出る確率は 1/6 なので、6000 * (1/6) = 1000回程度と予想されます。」	標準	確率
中学2年	数学	確率	赤玉3個、白玉2個、青玉1個の袋から1個を取り出し、戻してからまた1個取り出すとき、2個とも違う色になる確率を求めなさい。	11/18	7/18	1/3	5/18	全体は36通り。同じ色になる確率は (3×3+2×2+1×1)/36 = 14/36 = 7/18。違う色は 1 - 7/18 = 11/18 です。[7]	標準	確率
中学2年	数学	確率	赤玉3個、白玉2個、青玉1個の袋から戻さずに2個引くとき、「2個とも同じ色」になる確率は？	7/15	11/18	1/6	1/3	全15通りのうち、赤赤(3通り)、白白(1通り)の計4通り。4/15は選択肢にないため全事象計算を再確認。	挑戦	確率
中学2年	数学	確率	袋に白玉3個、赤玉2個が入っている。同時に2個取り出すとき、「少なくとも1個は赤玉」である確率は？	7/10	3/10	1/5	1/2	「2個とも白玉」の確率 3/10 を、全体 1から引いて求めます [12]。	挑戦	確率
中学2年	数学	確率	袋の中に白玉3個と赤玉2個が入っている。同時に2個取り出すとき、2個とも白玉である確率を求めなさい。	3/10	1/5	3/5	1/10	全体は10通り。白2個の組み合わせは3通りなので、3/10となります。	標準	確率
中学2年	数学	確率	大小2つのさいころを投げたとき出た目の積が4の倍数になる場合は全部で何通りありますか。	15通り	9通り	12通り	18通り	表を使って数えます。	標準	確率
中学2年	数学	確率	当たりくじ2本、はずれくじ3本の合計5本のくじをAさんが引き、戻さずにBさんが引く時、Bさんが当たる確率は？	2/5	1/5	1/2	2/3	くじを引く順番に関わらず、各人が当たる確率は常に全体の「当たり/合計」で等しくなります。	挑戦	確率
中学2年	数学	確率	同様に確からしい硬貨を3回投げてすべて表だったとき、4回目に表が出る確率はどうなりますか。	1/2	1/4	1/8	1/16	試行は独立しているため確率は変わりません。	標準	確率
中学2年	数学	確率	同様に確からしい硬貨を投げたところ3回続けて表が出た。次に投げて表が出る確率はどうなりますか。	1/2	1/4	1/8	1/16	各試行は独立しており確率は変わりません。	標準	確率
中学2年	数学	確率	2つのさいころを同時に投げるとき、出る目の和が「5」になる確率を求めなさい。	1/9	1/6	1/12	5/36	和が5になる組み合わせは (1,4), (2,3), (3,2), (4,1) の4通りです。全体は 36 通りなので 4/36 = 1/9 となります。	標準	確率
中学2年	数学	確率	2枚の硬貨を同時に投げるとき、2枚とも表となる確率を求めなさい。	1/4	1/2	1/3	1/8	すべての出方は（表表、表裏、裏表、裏裏）の4通りで、そのうち両方表なのは1通りです。	基本	確率
中学2年	数学	確率	2つのさいころを同時に投げるとき、出る目の積が「12の倍数」になる確率を求めなさい。	1/9	1/6	1/4	5/36	積が12の倍数になるのは (2,6), (3,4), (4,3), (4,6), (6,2), (6,4), (6,6) の4通り（36通り中）などです。	挑戦	確率
中学2年	数学	確率	「1枚の硬貨を 2回投げる」とき，2回とも表が出る確率を求めなさい。	1/4	1/2	1/8	3/4	すべての場合（表表，表裏，裏表，裏裏）の4通りのうち，2回とも表なのは1通りです。	基本	確率
中学2年	数学	確率	「1から 3までの数字が書かれたカードから、戻さずに 2枚引いて 2けたの整数を作る」とき、11の倍数になる確率は。	0	1/3	1/6	1/9	カードを戻さない場合、(1,1)などの同じ数字は並ばないため、11, 22, 33 は作れず確率は 0 です。	標準	確率
中学2年	数学	確率	「当たりくじ 2本，はずれくじ 3本の計 5本」を，Aさんが引き，戻さずにBさんが引くとき，Bさんが当たる確率を求めなさい。	2/5	1/5	1/2	3/5	くじを引く順番にかかわらず，各人が当たる確率は全体の「当たり数/合計数」で一定となります。	挑戦	確率
中学2年	数学	確率	「7 枚の円形の黒駒を並べ，さいころを 2 回投げて出た数 a, b に応じて駒を裏返す」ルールにおいて，2 回の操作後に黒の面が 2 個だけ上になる確率を求めなさい。	5/18	1/6	1/4	1/3	駒が重複して裏返される場合を考慮し，すべての場合の数を樹形図等で正確に数え上げます。	挑戦	確率
中学2年	数学	確率	大小 2 つのさいころを同時に投げ，出た目の数をそれぞれ a,b とするとき，2a+b=8 になる確率を求めなさい。	1/12	1/9	1/6	5/36	条件を満たす (a,b) の組は (1,6),(2,4),(3,2) の 3 通りです。全体は 36 通りなので，3/36=1/12 となります。	挑戦	確率
中学2年	数学	三角形と四角形	「1組の向かいあう辺が、等しくて平行である」四角形は何になりますか。	平行四辺形	台形	正方形	ひし形	平行四辺形になるための5つの条件のうちの1つです。	基本	図形
中学2年	数学	三角形と四角形	「2つの対角線がそれぞれの中点で交わり、かつ長さが等しい」四角形はどれですか。	長方形	ひし形	台形	平行四辺形	長方形は平行四辺形の性質に加え、対角線の長さが等しいという特徴を持ちます [14, 15]。"	基本	図形
中学2年	数学	三角形と四角形	「2組の向かいあう辺がそれぞれ平行である」四角形を何といいますか。	平行四辺形	長方形	ひし形	台形	平行四辺形の最も基本的な定義です [11]。	基本	図形
中学2年	数学	三角形と四角形	「2本の対角線が垂直に交わる」という性質を必ず持つ四角形はどれですか。	ひし形	長方形	平行四辺形	等脚台形	ひし形や正方形は対角線が直交するという重要な性質を持っています。	基本	図形
中学2年	数学	三角形と四角形	「ひし形」の対角線の性質として、長方形には必ずしも備わっていない特徴はどれですか。	垂直に交わる	長さが等しい	それぞれの中点で交わる	2本ある	ひし形の対角線は常に垂直に交わりますが、長方形はそうとは限りません。	基本	図形
中学2年	数学	三角形と四角形	「対角線が垂直に交わり、長さが等しい」という性質をすべて持つ四角形はどれですか。	正方形	ひし形	長方形	平行四辺形	正方形は、ひし形の「垂直」と長方形の「長さが等しい」の両方の性質を兼ね備えています。	基本	図形
中学2年	数学	三角形と四角形	「長方形」の性質として、平行四辺形にはない特徴を選びなさい。	対角線の長さが等しい	対角線がそれぞれの中点で交わる	2組の対辺が等しい	対角線が垂直に交わる	長方形は4つの角がすべて等しいため、対角線の長さも等しくなります。	基本	図形
中学2年	数学	三角形と四角形	「平行四辺形の対角線」の性質として正しいものを選びなさい。	それぞれの中点で交わる	垂直に交わる	長さが等しい	45度で交わる	平行四辺形の対角線に関する最も基本的な性質です。	基本	図形
中学2年	数学	三角形と四角形	「平行四辺形の対角線」の性質として正しいものを選びなさい。	それぞれの中点で交わる	垂直に交わる	長さが等しい	45度で交わる	平行四辺形の対角線に関する最も基本的かつ重要な性質です。	基本	図形
中学2年	数学	三角形と四角形	「平行四辺形の対角線」の性質として正しいものを選びなさい。[20, 21]	それぞれの中点で交わる	垂直に交わる	長さが等しい	45度で交わる	「平行四辺形の対角線に関する最も基本的かつ重要な性質です。」[20, 21]	基本	図形
中学2年	数学	三角形と四角形	2つの三角形の合同条件として「1組の辺とその両端の角がそれぞれ等しい」と同じ意味の表現はどれですか。	1辺とその両端の角がそれぞれ等しい	2辺とその間の角がそれぞれ等しい	3辺がそれぞれ等しい	3つの角がそれぞれ等しい	三角形の合同条件の一つです。	基本	図形
中学2年	数学	三角形と四角形	ひし形の対角線の性質として「長方形にはない」特徴はどれですか。	垂直に交わる	それぞれの中点で交わる	長さが等しい	2本ある	ひし形の対角線は互いに垂直に交わりますが、長方形の対角線は垂直とは限りません。	基本	図形
中学2年	数学	三角形と四角形	三角形の3つの内角の和は何度ですか。	180度	360度	90度	540度	どのような三角形でも、その3つの内角の和は常に一定です。	基本	角度
中学2年	数学	三角形と四角形	二等辺三角形ABC（AB=AC）の辺ABの中点をD、辺BCの中点をEとするとき、AE=CDは常に成り立ちますか。	成り立たない	常に成り立つ	正三角形のときのみ成り立つ	BCの長さによる	反例が存在するため常には成り立ちません。	標準	図形
中学2年	数学	三角形と四角形	二等辺三角形の頂角が 100度 のとき、1つの底角の大きさは何度ですか。	40度	80度	50度	100度	(180 － 100) ÷ 2 = 40。底角は等しい性質を利用します。	基本	図形
中学2年	数学	三角形と四角形	二等辺三角形の頂角が100度のとき、1つの底角の大きさは何度ですか。	40度	80度	50度	100度	(180-100)÷2 = 40。二等辺三角形の2つの底角は等しい性質を用います。	基本	図形
中学2年	数学	三角形と四角形	二等辺三角形の頂角が40度のとき、1つの底角の大きさは何度ですか。	70度	140度	40度	100度	(180-40)÷2 = 70。底角は等しい性質を利用します。	基本	図形
中学2年	数学	三角形と四角形	二等辺三角形の頂角が50度のとき、1つの底角の大きさは何度ですか。	65度	130度	50度	80度	(180-50)÷2 = 65。二等辺三角形の2つの底角は等しい性質を利用します。	基本	図形
中学2年	数学	三角形と四角形	平行四辺形になるための条件として正しいものを選びなさい。	2組の向かいあう辺がそれぞれ等しい	1つの角が直角である	対角線が垂直に交わる	隣り合う辺が等しい	平行四辺形が成立する5つの条件のうちの1つです。	基本	図形
中学2年	数学	三角形と四角形	平行四辺形の対角線に関する性質として正しいものを選びなさい。	それぞれの中点で交わる	常に垂直に交わる	常に長さが等しい	角を二等分する	「平行四辺形の対角線が持つ、もっとも基本的で重要な性質の一つです。」	基本	図形
中学2年	数学	三角形と四角形	平行四辺形の対角線の性質として正しいものを選びなさい。	それぞれの中点で交わる	垂直に交わる	長さが等しい	45度で交わる	平行四辺形の対角線に関する最も基本的かつ重要な性質です。	基本	図形
中学2年	数学	三角形と四角形	平行四辺形の対角線の性質として正しいものを選びなさい。	それぞれの中点で交わる	垂直に交わる	長さが等しい	45度で交わる	平行四辺形の2本の対角線は、必ずお互いの中点で交わります。[27, 28]	基本	図形
中学2年	数学	三角形と四角形	四角形が「平行四辺形」になるための条件として、正しくないものはどれですか。	4つの角がすべて直角である	2組の向かいあう辺がそれぞれ平行である	2組の向かいあう角がそれぞれ等しい	対角線がそれぞれの中点で交わる	「4つの角がすべて直角」は長方形の定義であり、平行四辺形になるための5つの一般条件には含まれません。	標準	図形
中学2年	数学	三角形と四角形	二等辺三角形の頂角の二等分線は、底辺をどのように通り抜けますか。	垂直に2等分する	平行に交わる	斜めに交わる	3等分する	二等辺三角形の重要な性質の一つで、頂角の二等分線は底辺を垂直に二等分します。	基本	図形
中学2年	数学	三角形と四角形	平行四辺形の対角線について、成り立つ性質を選びなさい。	それぞれの中点で交わる	長さが等しい	垂直に交わる	角を二等分する	平行四辺形の対角線は、互いに他を二等分するという性質があります。	基本	図形
中学2年	数学	三角形と四角形	「2組の向かいあう辺がそれぞれ平行である」四角形を何といいますか。	平行四辺形	長方形	ひし形	台形	平行四辺形の最も基本的な定義です。	基本	図形
中学2年	数学	三角形と四角形	三角形の合同条件として「2組の辺とその間の角がそれぞれ等しい」とき、その三角形はどうなりますか。	合同である	相似である	面積が等しいだけ	平行である	三角形の合同条件の1つで、この条件が満たされれば2つの図形はぴったり重なります。	基本	図形
中学2年	数学	三角形と四角形	「二等辺三角形ABC（AB=AC）の辺AB上の中点をD，辺BCの中点をE」とするとき，線分AEとCDの長さが等しい（AE=CD）という関係は常に成り立ちますか。	成り立たない	常に成り立つ	正三角形のときのみ成り立つ	BCの長さによる	反例（底辺が極端に長い場合など）が存在するため，この関係は常に成り立つとは限りません。	挑戦	図形
中学2年	数学	三角形と四角形	「長方形の折り紙を，対角線を折り目として折ったとき」に重なる部分の図形を調べるのに，最も適した図形の移動は何ですか。	対称移動	平行移動	回転移動	拡大移動	折り目（対角線）を軸として裏返す操作は，数学的には対称移動にあたります。	挑戦	図形
中学2年	数学	三角形と四角形	平行四辺形 ABCD の辺 BC，CD を 1 辺とする正三角形 BEC，CFD を平行四辺形の外側に作るとき，△AEF はどのような三角形になりますか。	正三角形	二等辺三角形	直角三角形	不等辺三角形	AB=DC および AD=BC の関係と正三角形の性質を利用して辺の長さを比較すると，3 辺がすべて等しくなることが証明できます。	挑戦	図形
中学2年	数学	式の計算	「2けたの自然数と、その十の位と一の位を入れかえた数の和」は、必ず何の倍数になりますか。	11の倍数	9の倍数	3の倍数	2の倍数	(10x + y) + (10y + x) = 11x + 11y = 11(x + y) となり、11の倍数であることがわかります [7]。	標準	文字式
中学2年	数学	式の計算	「5(2a-b) - 2(4a-3b)」を計算しなさい。	2a+b	2a-b	18a+b	2a-11b	分配法則を使ってかっこをはずし、同類項をまとめます。10a-5b-8a+6bとなります。	標準	文字式
中学2年	数学	式の計算	「縦の長さが a、横の長さが b の長方形」において、2(a+b) は何を表していますか。	長方形の周の長さ	長方形の面積	長方形の対角線	長方形の高さ	縦と横を足して2倍する式は、図形の周の長さを求める公式です。[3, 4]	基本	平面図形
中学2年	数学	式の計算	「連続する2つの整数」を整数nを用いて表した組み合わせを選びなさい。	nとn+1	nと2n	2nと2n+1	nとn+2	隣り合う整数は1ずつ増えるため、nとn+1で表せます [19]。	基本	文字式
中学2年	数学	式の計算	「連続する3つの整数の和」は必ず何の倍数になりますか。	3の倍数	2の倍数	5の倍数	9の倍数	(n-1) + n + (n+1) = 3n となり、3 × 整数の形になるため3の倍数です。	基本	文字式
中学2年	数学	式の計算	2a+3b+a-5b の同類項をまとめなさい。	3a-2b	3a+8b	3a-8b	a-2b	文字の部分が同じ「項」どうしを、係数を計算してまとめます。	基本	文字式
中学2年	数学	式の計算	2けたの自然数の十の位をx、一の位をyとするとき、その自然数を表す式を選びなさい。	10x+y	xy	x+y	10xy	十の位の数字を10倍し、一の位の数字を足すことで2けたの数を表せます。[20, 21]	標準	文字式
中学2年	数学	式の計算	カレンダーで**「×の形」に並んだ5つの数**の和は、中央の数の何倍になりますか。	5倍	3倍	9倍	25倍	「中央を n とすると、和は (n-8)+(n-6)+n+(n+6)+(n+8) = 5n となり、5倍です。」	標準	文字式
中学2年	数学	式の計算	カレンダーで「×の形に並んだ5つの数の和」は、中央の数の何倍になりますか。	5倍	3倍	9倍	25倍	(中央をnとすると、和は (n-8)+(n-6)+n+(n+6)+(n+8) = 5n となります [9, 10]。)	標準	文字式
中学2年	数学	式の計算	カレンダーで「×の形に並んだ5つの数の和」は、中央の数の何倍になりますか。	5倍	3倍	9倍	25倍	中央をnとすると、和は (n-8)+(n-6)+n+(n+6)+(n+8) = 5n となります。	標準	文字式
中学2年	数学	式の計算	カレンダーで「×の形に並んだ5つの数の和」は、中央の数の何倍になりますか。	5倍	3倍	9倍	25倍	中央を n とすると (n-8)+(n-6)+n+(n+6)+(n+8)=5n となります。	標準	文字式
中学2年	数学	式の計算	カレンダーで「×の形に並んだ5つの数の和」は、中央の数の何倍になりますか。[12, 13]	5倍	3倍	9倍	25倍	「中央をnとすると、(n-8)+(n-6)+n+(n+6)+(n+8) = 5n となります。」[12, 13]	標準	文字式
中学2年	数学	式の計算	三角形の面積の公式 S = 1/2 ah を、底辺 a について解きなさい。	a = 2S / h	a = S / 2h	a = h / 2S	a = 2Sh	「両辺を2倍し、h で割ることで a を求める式に変形します。」	基本	公式
中学2年	数学	式の計算	式「(2a + b)(2a － b)」を展開しなさい。	4a^2 － b^2	2a^2 － b^2	4a^2 + b^2	4a^2 － 4ab + b^2	和と差の積の公式 (x+y)(x-y) = x^2 － y^2 を利用します。	基本	展開
中学2年	数学	式の計算	整数 n を用いて、奇数を文字式で表したものを次の中から選びなさい。	2n + 1	2n	n + 1	n + 2	「偶数 2n に 1 を加えた形が、もっとも一般的な奇数の表し方です。」	基本	文字式
中学2年	数学	式の計算	整数nを用いて「奇数」を表す式を選びなさい。	2n + 1	2n	n + 1	2n + 2	偶数2nに1を加えることで奇数を表すことができます [5]。	基本	文字式
中学2年	数学	式の計算	単項式 －3x^2y の「次数」を答えなさい。	3	2	1	-3	単項式で掛け合わされている文字の個数が次数です。xが2個、yが1個で合計3です。	基本	文字式
中学2年	数学	式の計算	単項式「－5xy^2」の次数を答えなさい。	3	2	1	-5	単項式で掛け合わされている文字の個数を次数といいます。xが1個、yが2個で合計3です。	基本	文字式
中学2年	数学	式の計算	等式 3x + y = 10 を「yについて解く」とどうなりますか。	y = -3x + 10	y = 3x - 10	x = (10-y)/3	y = 3x + 10	3xを右辺に移項して符号を入れかえます。	基本	文字式
中学2年	数学	式の計算	等式 S = 1/2 ah を h について解きなさい。	h = 2S / a	h = S / 2a	h = a / 2S	h = 2Sa	文字式を整理します。	基本	計算
中学2年	数学	式の計算	等式 S = 1/2 ah を「h」について解きなさい。	h = 2S/a	h = S/2a	h = a/2S	h = 2Sa	両辺を2倍して 2S = ah とし、さらに両辺を a でわります。	基本	文字式
中学2年	数学	式の計算	等式「3x + 2/7 y = 5」を y について解きなさい。	y = 7/2(5 - 3x)	y = 5 - 3x	y = 35 - 21x	y = 2/7(5 - 3x)	両辺から3xをひき、さらに7/2をかけることでyを孤立させます。	標準	文字式
中学2年	数学	式の計算	等式「S = 1/2 ah」をhについて解きなさい。	h = 2S/a	h = S/2a	h = a/2S	h = 2Sa	両辺を2倍して2S=ah、さらにaで割ることでhを求めます。	標準	文字式
中学2年	数学	式の計算	単項式 -3x^2y の「次数」を答えなさい。	3	2	1	-3	次数とは掛け合わされている文字の個数のことで、この場合はxが2個、yが1個の計3個です。	基本	文字式
中学2年	数学	式の計算	多項式の加法 (3a + 2b) + (4a - 5b) を計算しなさい。	7a - 3b	7a + 7b	12a - 10b	-a + 7b	同類項である 3a と 4a、2b と -5b をそれぞれまとめて計算します。	基本	計算
中学2年	数学	式の計算	多項式 3x - 7y + 6 と x + 8y - 9 をたしなさい。	4x + y - 3	4x - y + 3	2x + 15y - 15	4x + y + 3	同類項である 3x と x、-7y と 8y、定数項の 6 と -9 をそれぞれまとめて計算します。	基本	計算
中学2年	数学	式の計算	「3a(5a - 1) - 2a(8a + 3)」を計算しなさい。	-a^2 - 9a	15a^2 - 16a^2	-a^2 + 3a	a^2 - 9a	分配法則で展開すると 15a^2 - 3a - 16a^2 - 6a となり、同類項をまとめます。	標準	文字式
中学2年	数学	式の計算	「十の位の数字が x，一の位の数字が y である 2けたの自然数」を表す式を選びなさい。	10x + y	xy	x + y	10xy	十の位の数字を10倍し，一の位の数字を足すことで2けたの数を表せます。	基本	文字式
中学2年	数学	式の計算	単項式の除法 3a^2x ÷ (-6ab) を計算しなさい。	-ax / 2b	-2ax / b	-18a^3bx	-ax / 2	係数どうし、文字どうしをそれぞれ割り算して整理します。	標準	計算
中学2年	数学	式の計算	「2けたの自然数から，その数の十の位と一の位の和を引いた数」は，必ず何の倍数になりますか。	9の倍数	11の倍数	3の倍数	2の倍数	(10a + b) - (a + b) = 9a となり，a は自然数なので必ず 9 の倍数になります。	挑戦	文字式
中学2年	数学	式の計算	「連続する 3 つの偶数の和」は，必ず何の倍数になりますか。その理由を文字式で説明しなさい。	6の倍数	3の倍数	4の倍数	8の倍数	2n,2n+2,2n+4 とおくと，和は 6n+6=6(n+1) となり，6 × 整数の形になるため 6 の倍数です。	挑戦	文字式
中学2年	数学	図形の性質	「正n角形の1つの外角」を求める式はどれですか。	360 / n	180(n-2) / n	360	180 / n	多角形の外角の和は常に360度なので、n個の頂点でわると1つ分が出ます。	基本	図形
中学2年	数学	図形の性質	どのような多角形であっても、外角の和は常に何度になりますか。	360度	180度	720度	nによって異なる	多角形の外角の和は、頂点の数に関わらず常に360度で一定です。[10, 11]	基本	図形
中学2年	数学	図形の性質	五角形の内角の和を求めなさい。	540度	360度	720度	180度	n角形の内角の和は 180×(n-2) で求められ、180×3=540度となります。[25]	標準	多角形
中学2年	数学	図形の性質	五角形の内角の和を求めなさい。	540度	360度	720度	180度	n角形の内角の和は 180×(n-2) で求められます [10]。	標準	多角形
中学2年	数学	図形の性質	正八角形の1つの内角の大きさは何度ですか。	135度	120度	1080度	144度	内角の和は 180×(8-2)=1080度。これを8でわると135度になります。[10, 11]	標準	多角形
中学2年	数学	図形の性質	正六角形の内角の和を求めなさい。	720度	540度	1080度	360度	n角形の内角の和は 180×(n-2) で求められます。180×(6-2)=720度です。[3, 4]	標準	多角形
中学2年	数学	図形の性質	多角形の「外角の和」は何度ですか。	360度	180度	720度	nによって異なる	どのような多角形であっても、外角の和は常に 360度になります。[3, 4]	基本	多角形
中学2年	数学	図形の性質	「2つの直線が平行なとき、錯角は等しい」。この性質の逆は正しいですか、正しくないですか。	正しい	正しくない	条件による	定義されていない	「錯角が等しければ、2つの直線は平行である」も成り立ちます。	基本	図形
中学2年	数学	図形の性質	「2つの直線が平行ならば、錯角は等しい」という性質において、錯角と共によく使われる角は何ですか。	同位角	対頂角	内角	外角	平行線の性質として、同位角と錯角は非常によく出題されます [28]。	基本	図形
中学2年	数学	図形の性質	「2つの直線が平行ならば、同位角は等しい」この性質の逆は正しいですか。	正しい	正しくない	三角形の場合のみ正しい	五角形の場合のみ正しい	「同位角が等しければ、2つの直線は平行である」という逆も成立します。	基本	図形
中学2年	数学	図形の性質	「n角形の外角の和」は、nの値が大きくなるとどう変わりますか。	常に360度で変わらない	大きくなる	小さくなる	180(n-2)度になる	多角形の外角の和は、頂点の数に関わらず常に360度であるという重要な性質があります。	基本	多角形
中学2年	数学	図形の性質	「n角形の内角の和」を求める公式を選びなさい。	180 * (n - 2)	180 * n	360 / n	180 * (n - 1)	三角形が (n-2)個できることから導かれる、多角形の基本的な公式です [10]。	基本	多角形
中学2年	数学	図形の性質	「ひし形」の対角線の性質として、長方形にはない特徴はどれですか。	垂直に交わる	長さが等しい	それぞれの中点で交わる	2本ある	ひし形の対角線は、互いに垂直に交わるという性質を持っています。	標準	図形
中学2年	数学	図形の性質	「長方形」の性質として、平行四辺形にはない特徴はどれですか。	対角線の長さが等しい	2組の向かいあう辺が平行	対角線がそれぞれの中点で交わる	向かいあう角の大きさが等しい	長方形は、すべての角が等しいため、対角線の長さも等しくなります。	基本	図形
中学2年	数学	図形の性質	「直線lとmが平行である」とき、常に成り立つ性質を選びなさい。	同位角が等しい	対頂角が90度	錯角の和が180度	同位角の和が180度	平行線の性質より、同位角や錯角は等しくなります [12, 13]。"	基本	図形
中学2年	数学	図形の性質	2つの直線が平行なとき、等しくなる角の組み合わせとして正しいものを選びなさい。	錯角と同位角	対頂角と内角	同位角と補角	錯角と隣角	平行線において、錯角と、対応する位置にある同位角は常に等しくなります。	基本	図形
中学2年	数学	図形の性質	n角形の内角の和を求める公式 180 * (n - 2) において、(n - 2) は何を表していますか。	分けられた三角形の数	頂点の数	辺の数	対角線の数	1つの頂点から対角線を引いたときに、内部にできる三角形の数です。	基本	多角形
中学2年	数学	図形の性質	n角形の内角の和を求める公式 180 * (n - 2) において、(n - 2) は何を表していますか。	分けられた三角形の数	頂点の数	内角の数	対角線の数	「1つの頂点から対角線を引いたときに、多角形の内部にできる三角形の個数です。」	標準	多角形
中学2年	数学	図形の性質	n角形の内角の和を求める公式 180° × (n - 2) において、「(n - 2)」は何を表していますか。[18, 19]	分けられた三角形の数	頂点の数	辺の数	対角線の数	「1つの頂点から対角線を引いたときにできる三角形の数です。」[18, 19]	基本	多角形
中学2年	数学	図形の性質	n角形の内角の和を求める公式を選びなさい。	180 * (n-2)	180 * n	360 / n	180 * (n-1)	三角形が(n-2)個できることから導かれる、多角形の基本的な公式です。	基本	多角形
中学2年	数学	図形の性質	三角形の3つの内角の和は何度ですか。	180度	360度	90度	540度	どのような三角形でも、その3つの内角の和は常に一定で180度です。[5]	基本	角度
中学2年	数学	図形の性質	三角形の合同条件として正しいものを選びなさい。	2組の辺とその間の角がそれぞれ等しい	3つの角がそれぞれ等しい	2組の辺がそれぞれ等しい	1組の辺が等しい	三角形の合同条件3つのうちの1つです。[3, 27]	基本	図形
中学2年	数学	図形の性質	正n角形の1つの「外角」を求める公式を選びなさい。	360 / n	180(n-2) / n	360	180 / n	多角形の外角の和は常に360度なので、頂点数nで割ることで1つ分が求まります。	基本	多角形
中学2年	数学	図形の性質	正五角形の「内角の和」を求めなさい。	540度	360度	720度	180度	n角形の内角の和 180×(n-2) に n=5 を代入して求めます。	基本	多角形
中学2年	数学	図形の性質	正十角形の「外角の和」は何度ですか。	360度	180度	1800度	144度	どのような多角形であっても、外角の和は常に360度で一定です。	基本	多角形
中学2年	数学	図形の性質	正八角形の1つの内角の大きさを求めなさい。	135度	1080度	144度	120度	内角の和180×(8-2)=1080度を、頂点の数8で割ります。	標準	多角形
中学2年	数学	図形の性質	正六角形の「内角の和」を求めなさい。	720度	1080度	540度	360度	n角形の内角の和 180×(n-2) に n=6 を代入して 180×4=720度となります。	基本	多角形
中学2年	数学	図形の性質	多角形において、頂点の数が増えても常に「360度」で変わらないものはどれですか。	外角の和	内角の和	対角線の長さの和	1つの内角の大きさ	どのような多角形であっても、外角の和は常に360度になるという性質があります。	基本	多角形
中学2年	数学	図形の性質	多角形において、頂点の数に関わらず外角の和は常に何度になりますか。	360度	180度	540度	720度	どのような凸多角形であっても外角の和は360度です。	基本	図形
中学2年	数学	図形の性質	平行四辺形の対角線の性質として正しいものを選びなさい。	それぞれの中点で交わる	垂直に交わる	長さが等しい	1点で交わらない	平行四辺形の対角線は、常にお互いの中点を通ります [22]。	基本	図形
中学2年	数学	図形の性質	n角形において、頂点の数が増えても常に「360度」で一定であるものはどれですか。	外角の和	内角の和	対角線の長さの和	1つの内角の大きさ	どのような多角形であっても、外角の和は常に360度になるという重要な性質があります。	基本	図形
中学2年	数学	図形の性質	n角形の内角の和を求める公式 180° × (n - 2) において、「(n - 2)」は何を表していますか。	分けられた三角形の数	頂点の数	対角線の数	外角の数	1つの頂点から対角線を引いたときに、多角形がいくつの三角形に分割されるかを示しています。	基本	図形
中学2年	数学	図形の性質	n角形の内角の和を求める公式 180° × (n - 2) において、(n - 2) は何を表していますか。	分けられた三角形の数	頂点の数	対角線の数	外角の数	1つの頂点から対角線を引いたときに、多角形がいくつの三角形に分割されるかを示しています。	基本	図形
中学2年	数学	図形の性質	「五角形」の内角の和を求めなさい。	540度	360度	720度	180度	n角形の内角の和は 180 × (n - 2) で求められ，180 × 3 = 540度となります。	標準	図形
中学2年	数学	図形の性質	n角形において、1つの頂点からひける対角線の数は何本ですか。	n - 3 本	n - 2 本	n - 1 本	n 本	自分自身と両隣の頂点には対角線をひけないため、頂点の数から 3 を引いた数になります。	基本	多角形
中学2年	数学	図形の性質	1 つの内角の大きさが 156 度である正多角形は，正何角形ですか。	正十五角形	正十二角形	正二十角形	正十六角形	1 つの外角は 180−156=24 度です。外角の和は常に 360 度なので，360÷24=15 となり正十五角形とわかります。	挑戦	多角形
中学2年	数学	連立方程式	「鉛筆3本と消しゴム1個で280円、鉛筆2本と消しゴム1個で210円」のとき、鉛筆1本の値段はいくらですか。	70円	50円	80円	60円	3x+y=280 と 2x+y=210 の連立方程式を立て、引き算によってxを求めます。	標準	文章題
中学2年	数学	連立方程式	「玉ねぎ3個とじゃがいも6個で91円のセット」がある。玉ねぎx個、じゃがいもy個売れた時の個数の式は？	x + y = 91	3x + 6y = 91	x/3 + y/6 = 91	91(x + y) = 1	問題文の「合わせて91袋売れた」という数量関係を式にします。	標準	文章題
中学2年	数学	連立方程式	「中学生3人とおとな5人で2800円、中学生2人とおとな3人で1700円」のとき、中学生1人の料金を求めなさい。	400円	500円	300円	600円	3x + 5y = 2800 と 2x + 3y = 1700 の連立方程式を解いて xを求めます [8]。	標準	文章題
中学2年	数学	連立方程式	「長さ240mの列車が、21秒で鉄橋（長さL）を渡りきった」列車の速さが秒速vのとき、正しい式は？	L + 240 = 21v	L = 21v	240 = 21v	L - 240 = 21v	「渡りきる」とは列車の最後尾が抜けるまでなので、道のりは（鉄橋＋列車）になります。	標準	文章題
中学2年	数学	連立方程式	「長さ240mの列車が、長さ1080mのトンネルに入り始めてから出終わるまでに63秒かかった」列車の秒速を求めなさい。	秒速21m	秒速17m	秒速20m	秒速15m	(1080 + 240) ÷ 63 = 21。道のりはトンネルの長さ＋列車の長さで考えます。	標準	文章題
中学2年	数学	連立方程式	「長さ300kmの区間を、快速(時速70km)と普通(時速50km)が両端から同時に出発したとき、何時間後に出会いますか。」	2.5時間後	2時間後	3時間後	4時間後	70x + 50x = 300 という方程式を立てて解くと、x = 2.5 となります。	標準	文章題
中学2年	数学	連立方程式	2つの自然数があり、その和は9、差は5である。この2数を求めなさい。	7と2	6と3	8と1	5と4	x+y=9とx-y=5の連立方程式を立てて解きます [2]。	標準	方程式
中学2年	数学	連立方程式	300km離れた地点から時速70kmの快速と時速50kmの普通が同時に向かい合って出発したとき、何時間後に出会いますか。	2.5時間後	2時間後	3時間後	4時間後	道のり300kmを速さの和120km/hで割ります。	標準	文章題
中学2年	数学	連立方程式	300km離れた地点から時速70kmの快速と時速50kmの普通が同時に向かい合って出発したとき、何時間後に出会いますか。	2.5時間後	2時間後	3時間後	4時間後	道のりの合計300kmを速さの和である時速120kmで割って求めます。	標準	文章題
中学2年	数学	連立方程式	Aは1個80円、Bは1個120円。合わせて10個買って代金が920円のとき、Aを何個買いましたか。	7個	3個	5個	4個	x+y=10、80x+120y=920 の連立方程式を立てて解きます。	標準	文章題
中学2年	数学	連立方程式	x+y=7、x-y=3 の解"x,y"を求めなさい。	(5,2)	(2,5)	(4,3)	(3,4)	加減法を用いて、2つの式を足すと 2x=10 より x=5 が導かれます。	基本	連立方程式
中学2年	数学	連立方程式	玉ねぎ3個とじゃがいも6個で1袋のセットが91袋売れたときのそれぞれの個数の合計を求める式はどれですか。	x+y=91	3x+6y=91	x/3+y/6=91	x+y=1	袋数の関係を式にします。	標準	文章題
中学2年	数学	連立方程式	二元一次方程式 x - y = 1 の解として適切な"x, y"の組を選びなさい。	(4, 3)	(3, 4)	(1, 1)	(0, 1)	xからyを引いて1になる組を探します [25]。	基本	方程式
中学2年	数学	連立方程式	連立方程式 x+y=7、x-y=3 の解"x,y"を求めなさい。	(5, 2)	(2, 5)	(4, 3)	(3, 4)	加減法を用いて2つの式を足すと2x=10よりx=5、これを代入してy=2となります。[2]	基本	方程式
中学2年	数学	連立方程式	連立方程式の解き方において、1つの文字を消して、すでに学習した一元一次方程式にすることを何といいますか。	消去	移項	代入	展開	「加減法や代入法を用いて、未知数を1つに減らす操作のことです。」	基本	用語
中学2年	数学	連立方程式	連立方程式の解き方で、1つの文字を消して一元一次方程式にすることを何といいますか。	消去	代入	移項	展開	加減法や代入法を用いて、文字を1つに減らす操作のことです。	基本	用語
中学2年	数学	連立方程式	連立方程式 x + y = 7, 2x + 3y = 18 の解を求めなさい。	x = 3, y = 4	x = 4, y = 3	x = 2, y = 5	x = 5, y = 2	加減法や代入法を用いて解きます。x = 7 - y を代入すると 2(7 - y) + 3y = 18 となり、y = 4 が導かれます。	標準	連立方程式
中学2年	数学	連立方程式	「2けたの自然数があり、十の位の数と一の位の数の和は 12 である」という関係を、十の位を x、一の位を y として式に表しなさい。	x + y = 12	10x + y = 12	x - y = 12	10x + 10y = 12	各桁の数字の和が12であることを表すため、x + y = 12 となります。	基本	連立方程式
中学2年	数学	連立方程式	連立方程式 ax + by = 13, bx - ay = 11 の解が x = 3, y = -1 のとき、a, b の値を求めなさい。	a = 5, b = 2	a = 2, b = 5	a = 4, b = 1	a = 3, b = 4	x, y の値を代入して a, b についての連立方程式として解きます。	標準	連立方程式
中学2年	数学	連立方程式	「2つの自然数があり，その和は 9，差は 5 である」とき，この 2数を求めなさい。	7と2	6と3	8と1	5と4	x + y = 9 と x － y = 5 の連立方程式を立てて解くと，x = 7, y = 2 が得られます。	標準	文章題
中学2年	数学	連立方程式	「中学生 3人とおとな 5人で 2800円、中学生 2人とおとな 3人で 1700円」のとき、中学生 1人の入館料を求めなさい。	400円	500円	300円	600円	3x + 5y = 2800 と 2x + 3y = 1700 の連立方程式を解くと、x = 400 が得られます。	標準	文章題
中学2年	数学	連立方程式	「ガソリン車A（購入費160万円，燃費12km/L）とハイブリッド車B（購入費200万円，燃費20km/L）」があります。ガソリン代が1Lあたり140円のとき，Bの総費用がAより安くなるのは走行距離が何kmを超えたときですか。	75000km	40000km	60000km	120000km	1km走行あたりのガソリン代の差を求め，購入費の差40万円をその差額で割ることで算出します。	挑戦	文章題
中学2年	数学	連立方程式	「x + y + z = 2, x - 3y + z = -1, 2x - y + 4z = 1」の連立 3元1次方程式を解きなさい。	x=1, y=1, z=0	x=2, y=-2, z=1	x=0, y=0, z=2	x=1, y=0, z=1	まず1つの文字を消去し，学習済みの二元一次方程式に帰着させてから解きます。	挑戦	計算
中学2年	数学	連立方程式	連立方程式 ax+by=13，bx−ay=11 の解が x=3,y=−1 のとき，a,b の値を求めなさい。	a=4,b=−1	a=5,b=2	a=3,b=4	a=2,b=5	与えられた解 x=3,y=−1 をそれぞれの式に代入し，a,b についての連立方程式として解くことで値を導きます。	挑戦	連立方程式
中学3年	数学	円	「1つの円で、等しい長さの弧に対する円周角」の大きさはどうなっていますか。	等しい	異なる	中心角に等しい	90度である	円周角の定理により、弧の長さが等しければそれに対する円周角もすべて等しくなります。	基本	図形
中学3年	数学	円	「1つの円において、等しい円周角に対する弧の長さ」はどうなりますか。	等しい	2倍になる	半分になる	関係がない	円周角の定理の逆および性質より、角が等しければ対応する弧の長さも等しくなります [26]。"	基本	図形
中学3年	数学	円	「1つの弧に対する円周角の大きさは、その弧に対する中心角の大きさの半分である」この定理を何といいますか。	円周角の定理	三平方の定理	相似の定理	中点連結定理	円において弧の長さと角の大きさの関係を示す重要な定理です [17]。	基本	図形
中学3年	数学	円	「直径に対する円周角」の大きさは何度ですか。	90度	180度	45度	不定	中心角が180度であるため、円周角の定理によりその半分の90度になります。	基本	円周角
中学3年	数学	円	「半円の弧に対する円周角」の大きさは、常に何度になりますか。	90度	180度	45度	不定	中心角が180度なので、円周角の定理（中心角の半分）より90度となります。	基本	図形
中学3年	数学	円	「半円の弧に対する円周角」の大きさは何度ですか。	90度	180度	45度	60度	中心角が180度であるため、円周角はその半分の90度になります。	基本	図形
中学3年	数学	円	「半円の弧に対する円周角」の大きさは何度ですか。	90度	180度	45度	60度	中心角が180度なので、円周角の定理によりその半分の90度になります [18]。	基本	図形
中学3年	数学	円	「半円の弧に対する円周角」の大きさは何度ですか。	90度	180度	45度	不定	中心角が180度なので、円周角はその半分の90度になります。	基本	図形
中学3年	数学	円	「半円の弧に対する円周角」の大きさは何度ですか。[29, 32]	90度	180度	45度	不定	「中心角が180度なので、円周角はその半分の90度になります。」[29, 32]	基本	図形
中学3年	数学	円	「半円の弧に対する円周角の大きさ」は何度ですか。	90度	180度	45度	60度	中心角が180度なので、円周角の定理によりその半分の90度になります。	基本	図形
中学3年	数学	円	円の接線とその接点を通る半径は、どのような位置関係にありますか。	垂直に交わる	平行である	45度で交わる	交わらない	「接点における半径と接線は常に 90度で交わります。」	基本	図形
中学3年	数学	円	円の接線とその接点を通る半径はどのような位置関係にありますか。	垂直に交わる	平行である	45度で交わる	交わらない	円の基本性質です。	基本	図形
中学3年	数学	円	円周角の定理により、1つの弧に対する円周角の大きさは、その弧に対する中心角の何倍ですか。	1/2倍	2倍	1倍	1/4倍	円周角の大きさは、常に対応する中心角の半分になります。	基本	図形
中学3年	数学	円	円周上の1点を通り、その点を通る半径に垂直な直線を何といいますか。	接線	弦	弧	割線	円と1点のみを共有する、半径に垂直な直線のことです。	基本	図形
中学3年	数学	円	半円の弧に対する円周角の大きさは何度ですか。	90度	180度	45度	60度	半円の弧に対する中心角は180度なので、円周角の定理によりその半分の90度になります。[11, 12]	基本	円周角
中学3年	数学	円	半円の弧に対する円周角の大きさは何度ですか。	90度	180度	45度	60度	中心角が180度なので、円周角の定理によりその半分の90度になります。[15, 24]	基本	円周角
中学3年	数学	円	半円の弧に対する円周角の大きさは何度ですか。	90度	180度	45度	60度	中心角が180度なので、円周角の定理によりその半分の90度になります。[24, 25]	基本	円周角
中学3年	数学	円	半円の弧に対する円周角の大きさは何度ですか。	90度	180度	45度	不定	中心角が180度なので、円周角の定理によりその半分の90度になります。	基本	図形
中学3年	数学	円	半円の弧に対する円周角の大きさは常に何度になりますか。	90度	180度	45度	60度	円周角は中心角の半分です。	基本	図形
中学3年	数学	円	「半円の弧に対する円周角」の大きさは何度ですか。	90度	180度	45度	60度	中心角が180度であるため、円周角の定理によりその半分の90度になります。	基本	図形
中学3年	数学	円	「半円の弧に対する円周角」の大きさは何度ですか。	90度	180度	45度	60度	中心角が180度であるため，円周角の定理によりその半分の90度になります。	基本	図形
中学3年	数学	円	「円の外部の点 P から引いた 2 本の割線が円と交わる点を A, B および C, D」とするとき，PA = 9, PB = 6, PD = 4 であれば PC の長さはいくらですか。	13.5	6	8	12	方べきの定理 PA × PB = PC × PD を利用します。9×6=PC×4 より PC=13.5 となります。	挑戦	図形
中学3年	数学	円	円の外部の点 P から引いた 2 本の割線が円と交わる点を A, B および C, D とします。PA=9,PB=6,PD=4 のとき，PC の長さを求めなさい。	13.5	12	8	6	方べきの定理 PA×PB=PC×PD を利用します。9×6=PC×4 より，54=4PC となり PC=13.5 です。	挑戦	図形
中学3年	数学	三平方の定理	1辺が6cmの正三角形の「高さ」を求めなさい。	3√3 cm	3 cm	6√3 cm	√27 cm	1:2:√3 の比を利用して、6 * (√3 / 2) = 3√3 となります。	標準	図形
中学3年	数学	三平方の定理	1辺が6cmの正三角形の面積を求めなさい。	9√3 cm^2	18√3 cm^2	27 cm^2	9 cm^2	高さが 3√3 cm なので、面積は 6 × 3√3 ÷ 2 = 9√3 となります。	標準	図形
中学3年	数学	三平方の定理	1辺の長さが 6 cmの立方体において、その「対角線」の長さを求めなさい。	6√3 cm	6√2 cm	18 cm	12 cm	公式 √(a^2+a^2+a^2) に当てはめると、√(36+36+36) = 6√3 となります [34]。"	標準	立体
中学3年	数学	三平方の定理	1辺の長さが 6 cmの立方体において、その対角線の長さを求めなさい。	6√3 cm	6√2 cm	18 cm	12 cm	直方体の対角線の公式 √(a^2+b^2+c^2) より √(6^2+6^2+6^2) = 6√3 となります。	標準	図形
中学3年	数学	三平方の定理	1辺の長さが a の正方形の対角線の長さを表す式はどれですか。	√2 a	2 a	a^2	√3 a	1:1:√2 の比を利用するか、a^2 + a^2 = x^2 から x = √2 a を導きます。	基本	図形
中学3年	数学	三平方の定理	30度、60度、90度の直角三角形の3辺の比(最短辺：中間辺：斜辺)を選びなさい。	1:√3:2	1:1:√2	1:2:3	3:4:5	特別な直角三角形の辺の比として、正三角形を半分にした形から導かれます。[15, 19]	標準	図形
中学3年	数学	三平方の定理	座標平面上で、原点 O と点 P"3, 4" の間の距離を求めなさい。	5	7	25	√7	「三平方の定理より、√(3^2 + 4^2) = √25 = 5 となります。」	基本	図形
中学3年	数学	三平方の定理	座標平面上で、原点Oと点"3, 4"の間の距離を求めなさい。	5	7	25	√7	三平方の定理より、√(3^2 + 4^2) = √25 = 5 となります [27]。"	基本	図形
中学3年	数学	三平方の定理	座標平面上で、原点Oと点P"3, 4"の間の距離を求めなさい。	5	7	25	√7	三平方の定理より、√(3^2 + 4^2) = √25 = 5 となります。	標準	図形
中学3年	数学	三平方の定理	座標平面上の2点 A"1, 2" と B"4, 6" の間の距離を求めなさい。	5	7	√7	25	√( (4-1)^2 + (6-2)^2 ) = √(3^2 + 4^2) = √25 = 5 となります。	標準	図形
中学3年	数学	三平方の定理	斜辺が13cm、他の1辺が12cmの直角三角形の残りの1辺を求めなさい。	5cm	1cm	25cm	√313cm	三平方の定理 a^2+12^2=13^2 より、a^2=169-144=25 となります。	標準	図形
中学3年	数学	三平方の定理	縦3cm、横4cm、高さ12cmの直方体の「対角線の長さ」を求めなさい。	13cm	19cm	√169cm	5cm	公式 √(a^2+b^2+c^2) に当てはめると、√(9+16+144) = √169 = 13 となります。	標準	図形
中学3年	数学	三平方の定理	縦3cm、横4cm、高さ12cmの直方体の「対角線の長さ」を求めなさい。	13cm	19cm	√169cm	5cm	√(3^2 + 4^2 + 12^2) = √169 = 13 と計算します [19]。	標準	図形
中学3年	数学	三平方の定理	縦3cm、横4cm、高さ12cmの直方体の「対角線の長さ」を求めなさい。	13cm	19cm	√169cm	5cm	三平方の定理の空間応用 √(3^2 + 4^2 + 12^2) = √169 = 13 となります。	標準	図形
中学3年	数学	三平方の定理	縦3cm、横4cm、高さ12cmの直方体の「対角線の長さ」を求めなさい。[33, 34]	13cm	19cm	√169cm	5cm	「√(3^2 + 4^2 + 12^2) = √169 = 13 と計算します。」[33, 34]	標準	図形
中学3年	数学	三平方の定理	縦3cm、横4cm、高さ12cmの直方体の対角線の長さを求めなさい。	13cm	19cm	√169cm	5cm	対角線の長さ = √(3^2 + 4^2 + 12^2) = √169 = 13cm です。	標準	図形
中学3年	数学	三平方の定理	縦3cm、横4cm、高さ12cmの直方体の対角線の長さを求めなさい。	13cm	19cm	√169cm	5cm	三平方の定理を空間に拡張します。	標準	図形
中学3年	数学	三平方の定理	直角をはさむ2辺が 1cm と 1cm の直角三角形の斜辺を求めなさい。	√2 cm	2 cm	1 cm	1.4 cm	a^2 + b^2 = c^2 より 1^2 + 1^2 = 2。c = √2 となります。	基本	図形
中学3年	数学	三平方の定理	直角をはさむ2辺が 3cm と 4cm の直角三角形の斜辺を求めなさい。	5cm	7cm	25cm	√7cm	三平方の定理 3^2 + 4^2 = x^2 より、x^2 = 25。x=5cm です。[41, 42]	基本	図形
中学3年	数学	三平方の定理	直角をはさむ2辺が 5 cmと 12 cmである直角三角形の「斜辺」を求めなさい。	13 cm	17 cm	169 cm	7 cm	5^2 + 12^2 = 25 + 144 = 169。13の2乗が169なので13cmです。	基本	図形
中学3年	数学	三平方の定理	直角をはさむ2辺が12cmと5cmである直角三角形の斜辺の長さを求めなさい。	13cm	17cm	169cm	7cm	12^2 + 5^2 = 144 + 25 = 169。13の2乗が169なので13cmです [29]。	標準	図形
中学3年	数学	三平方の定理	直角をはさむ2辺の長さが3cmと4cmである直角三角形の斜辺を求めなさい。	5cm	7cm	25cm	1cm	三平方の定理 a^2+b^2=c^2 に代入すると 3^2+4^2=25 となり斜辺は5cmです。[26, 27]	基本	図形
中学3年	数学	三平方の定理	直角三角形の斜辺が 10cm、他の1辺が 6cm のとき、残りの1辺の長さを求めなさい。	8cm	4cm	16cm	√136cm	三平方の定理 x^2 + 6^2 = 10^2 より、x^2 = 100 - 36 = 64。よって x = 8 となります。	標準	図形
中学3年	数学	三平方の定理	特別な直角三角形で60度の角をもつ直角三角形の3辺の比はどうなりますか。	1:2:√3	1:1:√2	3:4:5	1:2:3	三角定規で知られています。	基本	図形
中学3年	数学	三平方の定理	直角三角形の直角をはさむ2辺を a, b、斜辺を c とするとき、成り立つ関係式を選びなさい。	a^2 + b^2 = c^2	a + b = c	a^2 + b^2 = c	ab = c^2	ピタゴラスの定理とも呼ばれ、直角三角形の3辺の長さの間に成り立つ関係です。	基本	図形
中学3年	数学	三平方の定理	30度、60度、90度の直角三角形の3辺の比（最短辺：中間辺：斜辺）として正しいものを選びなさい。	1 : √3 : 2	1 : 1 : √2	1 : 2 : 3	3 : 4 : 5	特別な直角三角形の辺の比であり、正三角形を半分にした形から導き出されます。	基本	図形
中学3年	数学	三平方の定理	縦 3 cm、横 4 cm、高さ 12 cmの直方体の「対角線の長さ」を求めなさい。	13 cm	19 cm	√169 cm	5 cm	空間図形の対角線は √(縦^2 + 横^2 + 高さ^2) で求められ、√(9 + 16 + 144) = √169 = 13 となります。	標準	図形
中学3年	数学	三平方の定理	縦 3 cm、横 4 cm、高さ 12 cm の直方体の対角線の長さを求めなさい。	13 cm	19 cm	5 cm	√169 cm	公式 √(a^2 + b^2 + c^2) を使い、√(9 + 16 + 144) = 13 となります。	標準	図形
中学3年	数学	三平方の定理	「1辺の長さが 6 cm の正三角形」の高さを求めなさい。	3√3 cm	3 cm	6√3 cm	√27 cm	特別な直角三角形の辺の比 1 : 2 : √3 を利用して計算します。	標準	図形
中学3年	数学	三平方の定理	「1辺が 6 cmの正三角形を底面とし，斜辺が 3√2 cmである正三角錐」において，点Aから側面上を通り辺を横切って点Aに戻る最短距離を求めなさい。	6 cm	3√3 cm	6√2 cm	9 cm	側面を展開図に表すと，最短経路は直角二等辺三角形の斜辺（または展開図上の直線）として求められます。	挑戦	立体
中学3年	数学	三平方の定理	「母線の長さが 8 cm，底面の半径が 2 cm の円錐」において，点 A から側面上を 1 周して点 A に戻るひもの長さが最短になるとき，その長さを求めなさい。	8√2 cm	8 cm	4π cm	16 cm	側面を展開図（おうぎ形）にすると，最短距離は展開図上での 2 点を結ぶ線分の長さとなります。	挑戦	立体
中学3年	数学	資料の活用	第1四分位数が10、第2四分位数が15、第3四分位数が25のとき、四分位範囲を求めなさい。	15	10	5	35	四分位範囲 = 第3四分位数 - 第1四分位数 = 25 - 10 = 15 です。	基本	統計
中学3年	数学	資料の活用	第1四分位数が15、第3四分位数が35のとき、四分位範囲を求めなさい。	20	50	25	10	四分位範囲 ＝ 第3四分位数 － 第1四分位数 ＝ 35 - 15 = 20 です。	基本	統計
中学3年	数学	資料の活用	データを値の大きさの順に並べたときの中央の値を何といいますか。	中央値（メジアン）	平均値	最頻値	四分位数	第2四分位数とも呼ばれるデータの中心指標です [16]。	基本	統計
中学3年	数学	資料の活用	第2四分位数は、別の言い方で何といいますか。	中央値（メジアン）	平均値	最頻値	最大値	第2四分位数はデータを値の大きさの順に並べた時の中央の値です。[17, 35]	基本	統計
中学3年	数学	資料の活用	第3四分位数から第1四分位数をひいた値を何といいますか。	四分位範囲	中央値	最頻値	平均値	四分位範囲はデータの散らばりの度合いを表す指標として用いられます。[17]	標準	統計
中学3年	数学	資料の活用	第3四分位数から第1四分位数をひいた値を何といいますか。	四分位範囲	範囲	中央値	平均値	データの散らばりを表す指標の一つで、箱ひげ図の箱の長さに当たります。[3, 18]	基本	統計
中学3年	数学	資料の活用	度数分布表において、各階級の真ん中の値を何といいますか。	階級値	相対度数	中央値	最頻値	平均値を求める際などに、その階級を代表する値として用いられます。[22, 23]	基本	統計
中学3年	数学	資料の活用	箱ひげ図において、箱の右側の線（第3四分位数）から左側の線（第1四分位数）までの長さは何を表しますか。	四分位範囲	範囲	中央値	最大値	箱の長さそのものがデータの中心50%が含まれる「四分位範囲」を表しています。	基本	統計
中学3年	数学	資料の活用	「35人のデータの中央値（第2四分位数）」は、小さい順に並べたとき何番目の値ですか。	18番目	17番目	17.5番目	19番目	(35+1) / 2 = 18。奇数個のデータの場合、ちょうど真ん中の順位の値になります。	基本	統計
中学3年	数学	資料の活用	「35人のデータの中央値」は、小さい順に並べたとき何番目の値ですか。	18番目	17番目	17.5番目	19番目	(35 + 1) / 2 = 18。奇数個のデータの場合、真ん中の順位が中央値です [20]。	基本	統計
中学3年	数学	資料の活用	「35人のデータの中央値」を箱ひげ図で表すとき、小さい方から何番目の値ですか。[47, 48]	18番目	17番目	17.5番目	19番目	「(35 + 1) / 2 = 18。奇数個のデータでは中央の順位が中央値です。」[47, 48]	基本	統計
中学3年	数学	資料の活用	「35人のデータの中央値」を箱ひげ図で表すとき、第2四分位数は小さい方から何番目の値ですか。	18番目	17番目	17.5番目	19番目	(35 + 1) ÷ 2 = 18。奇数個のデータの場合、中央の順位がそのまま中央値となります。	基本	統計
中学3年	数学	資料の活用	「ある湖にいる魚の総数を推定するため、100匹捕まえて印をつけて戻し、後日50匹捕まえたら印付きが5匹いた」魚の総数は？	1000匹	500匹	2000匹	150匹	印付きの割合 5/50 = 1/10。よって総数は 100 × 10 = 1000匹と推定できます。	標準	統計
中学3年	数学	資料の活用	「ある工場で作られた10000個の電球から、100個を取り出して寿命を調べる調査」はどちらに分類されますか。	標本調査	全数調査	悉皆調査	確定調査	全体の一部を取り出して調査し、全体を推定する方法です。	基本	統計
中学3年	数学	資料の活用	「データを小さい順に並べたとき、下位半分のデータの中央値」を何といいますか。	第1四分位数	第3四分位数	四分位範囲	最頻値	箱ひげ図の箱の左端（または下端）にあたる値です。	基本	統計
中学3年	数学	資料の活用	「第1四分位数から第3四分位数まで」の範囲には、全体の約何％のデータが含まれますか。	約50%	約25%	約75%	約100%	四分位範囲（箱の長さ）には、中央に位置する半数のデータが含まれます。	基本	統計
中学3年	数学	資料の活用	「第3四分位数から第1四分位数を引いた値」を何といいますか。	四分位範囲	範囲	偏差	中央値	データの散らばり具合を表す指標で、箱ひげ図の「箱の長さ」にあたります。	基本	統計
中学3年	数学	資料の活用	35人のデータから箱ひげ図を作る際、中央値（第2四分位数）は小さい方から何番目の値ですか。	18番目	17番目	17.5番目	19番目	「(35 + 1) / 2 = 18。奇数個のデータでは、中央の順位が中央値になります。」	標準	統計
中学3年	数学	資料の活用	35人のデータの中央値を箱ひげ図で表すとき、小さい方から何番目の値ですか。	18番目	17番目	17.5番目	19番目	(35 + 1) / 2 = 18。奇数個のデータでは中央の順位が中央値です。	基本	統計
中学3年	数学	資料の活用	第3四分位数から第1四分位数をひいた値を何といいますか。	四分位範囲	範囲（レンジ）	中央値	偏差	データの散らばりの度合いを表し、箱ひげ図の箱の長さに対応します。[39, 40]	基本	統計
中学3年	数学	資料の活用	第3四分位数から第1四分位数を引いた値を何といいますか。	四分位範囲	範囲	中央値	偏差	データの散らばりを表します。	基本	用語
中学3年	数学	資料の活用	調査の対象となっている集団全部を調べる調査を何といいますか。	全数調査	標本調査	抽出調査	無作為調査	国勢調査などのように、全員を対象とする調査のことです。	基本	標本調査
中学3年	数学	資料の活用	箱ひげ図において、データの「散らばり」具合を示す「箱の長さ」に相当する値は何ですか。	四分位範囲	範囲	中央値	平均値	第3四分位数から第1四分位数を引いた「四分位範囲」が箱の長さを表します。	基本	統計
中学3年	数学	資料の活用	箱ひげ図において、第3四分位数から第1四分位数を引いた値を何といいますか。	四分位範囲	範囲（レンジ）	中央値	偏差	「データの散らばり具合を評価する指標で、箱の長さに相当します。」	基本	統計
中学3年	数学	資料の活用	箱ひげ図において「第3四分位数から第1四分位数を引いた値」を何といいますか。	四分位範囲	範囲	偏差	中央値	データの散らばり具合を表す指標で、箱ひげ図の箱の長さに相当します。	基本	統計
中学3年	数学	資料の活用	箱ひげ図において「第3四分位数から第1四分位数を引いた値」を何といいますか。[35, 36]	四分位範囲	範囲	偏差	中央値	「データの散らばり具合を表す指標で、箱の長さに相当します。」[35, 36]	基本	統計
中学3年	数学	資料の活用	箱ひげ図において「第3四分位数と第1四分位数の差」を何といいますか。	四分位範囲	範囲	偏差	中央値	データの散らばり具合を表し、箱ひげ図の「箱の長さ」に相当します [26]。"	基本	統計
中学3年	数学	資料の活用	標本調査において調査対象となっている集団全体のことを何といいますか。	母集団	標本	代表値	階級値	調査したい全体を指します。	基本	統計
中学3年	数学	資料の活用	「第3四分位数から第1四分位数を引いた値」を何といいますか。	四分位範囲	範囲（レンジ）	中央値	偏差	データの散らばり具合を表す指標で、箱ひげ図の箱の長さに相当します。	基本	統計
中学3年	数学	資料の活用	第1四分位数が 15、第3四分位数が 40 であるデータの「四分位範囲」を求めなさい。	25	55	27.5	12.5	四分位範囲は、第3四分位数から第1四分位数を引いた値（40 - 15 = 25）で求められます。	基本	統計
中学3年	数学	資料の活用	「調査の対象となっている集団全部を調べる調査」を何といいますか。	全数調査	標本調査	抽出調査	無作為調査	国勢調査のように、対象のすべてを調査する方法のことです。	基本	用語
中学3年	数学	資料の活用	「第3四分位数から第1四分位数を引いた値」を何といいますか。	四分位範囲	範囲（レンジ）	中央値	偏差	データの散らばり具合を表す指標で，箱ひげ図の箱の長さに対応します。	基本	統計
中学3年	数学	資料の活用	「標本調査において、調査の対象となる集団全体」を何といいますか。	母集団	標本	代表値	度数	調査したい集団の全体を母集団、そこから取り出された一部を標本といいます。	基本	統計
中学3年	数学	資料の活用	10 人の貸出冊数の「平均値が 4 冊，中央値が 3 冊」であるデータ「2, 4, 1, 1, b, 6, 5, 4, 2, a (a ≦ b)」において，a, b の値の組をすべて求めなさい。	(2, 13), (3, 12), (4, 11)	(3, 10), (4, 9)	(1, 14), (5, 10)	(3, 3)	データの合計が 40 であることと，小さい順に並べたときの 5 番目と 6 番目の平均が 3 である条件から絞り込みます。	挑戦	統計
中学3年	数学	資料の活用	10 人のデータの平均値が 4，中央値が 3 であるデータ「2, 4, 1, 1, b, 6, 5, 4, 2, a (a≦b)」において，a+b の値を求めなさい。	15	10	12	8	平均値が 4 なのでデータの合計は 40 です。既知の 8 つの和は 25 なので，a+b=40−25=15 となります。	挑戦	統計
中学3年	数学	式の計算	(x - y)(x + y) を展開しなさい。	x^2 - y^2	x^2 + y^2	x^2 - 2xy + y^2	x^2 + 2xy + y^2	和と差の積の公式 (a+b)(a-b) = a^2 - b^2 を利用します。[18, 19]	基本	展開
中学3年	数学	式の計算	(x + 3)(x + 5) - (x + 4)(x - 4) を計算しなさい。	8x+31	8x-1	x^2+8x+15	31	展開すると (x^2+8x+15)-(x^2-16) となり、整理すると 8x+31 になります。	標準	展開
中学3年	数学	式の計算	(x+3)(x-7) を展開しなさい。	x^2-4x-21	x^2+4x-21	x^2-21	x^2+10x-21	乗法公式 (x+a)(x+b)=x^2+(a+b)x+ab を利用します。	基本	展開
中学3年	数学	式の計算	(x+4)(x+6) を展開しなさい。	x^2+10x+24	x^2+24	x^2+10x+10	x^2+4x+6	乗法公式 (x+a)(x+b) = x^2+(a+b)x+ab を利用して計算します。[15]	基本	展開
中学3年	数学	式の計算	「(x-3y)^2」を展開しなさい。	x^2-6xy+9y^2	x^2+6xy+9y^2	x^2-9y^2	x^2-3xy+9y^2	乗法公式 (a-b)^2 = a^2-2ab+b^2 を利用して展開します。	基本	展開
中学3年	数学	式の計算	「102 × 98」を工夫して計算するのに適した式はどれですか。	(100+2)(100-2)	(100+2)^2	100^2 - 2^2	100×98+2×98	和と差の積の公式 (a+b)(a-b) = a^2 - b^2 を利用すると計算が簡単になります。	標準	計算
中学3年	数学	式の計算	2x(3x + 4y) を展開しなさい。	6x^2 + 8xy	6x + 8xy	5x^2 + 6xy	6x^2 + 4y	分配法則 a(b+c) = ab+ac を使って各項に掛けます [3]。	基本	展開
中学3年	数学	式の計算	式 (x + y + 2)(x + y - 5) を展開しなさい。	x^2 + 2xy + y^2 - 3x - 3y - 10	x^2 + y^2 - 3x - 3y - 10	x^2 + 2xy + y^2 - 10	x^2 + y^2 + 2xy + 3x + 3y - 10	x + y を M とおき、(M + 2)(M - 5) として展開したあと元に戻します。	標準	展開
中学3年	数学	式の計算	縦 a m、横 b mの長方形の土地に、幅 c mの道を作った。残りの面積を求める際に利用できる単元は？	多項式の展開	平方根	統計	標本調査	道の面積を引く計算は、(a-c)(b-c)などの展開公式の応用に繋がります。[55, 56]	標準	文字式
中学3年	数学	式の計算	「(x + y + 1)(x + y - 1)」を展開しなさい。	x^2 + 2xy + y^2 - 1	x^2 + y^2 - 1	x^2 + 2xy + y^2 + 1	x^2 - y^2	x+yを一つの文字Mとおき、(M+1)(M-1)として展開してから元に戻します。	標準	展開
中学3年	数学	式の計算	「(x+y+1)(x+y-1)」を展開しなさい。	x^2+2xy+y^2-1	x^2+y^2-1	x^2-y^2+1	x^2+2xy+y^2+1	x+y を M とおき、(M+1)(M-1) = M^2-1 として計算します。	標準	展開
中学3年	数学	式の計算	「(x+y+5)(x+y-3)」を展開したときに現れる「xy」の係数を答えなさい。	2	-2	1	0	(x+y)をひとかたまりの文字Mとおいて展開し、整理すると 2xy が出てきます。	標準	展開
中学3年	数学	式の計算	「102 × 98」を公式を使って計算する式として最も適切なものはどれですか。	(100 + 2)(100 - 2)	(100 + 2)^2	100^2 - 2	102(100 - 2)	和と差の積の公式 (a+b)(a-b) = a^2 - b^2 を利用します。	標準	計算
中学3年	数学	式の計算	「奇数の平方から 1を引いた数」は、必ず何の倍数になりますか。	4の倍数	3の倍数	9の倍数	常に0	(2n+1)^2 - 1 = 4n^2 + 4n = 4(n^2+n) となり証明されます [28]。	標準	文字式
中学3年	数学	式の計算	「奇数の平方から1を引いた数は、必ず何の倍数になりますか。」	4の倍数	3の倍数	9の倍数	常に0	(2n+1)^2 - 1 = 4n^2 + 4n = 4(n^2+n) となり、4の倍数であることが証明できます [18]。	標準	文字式
中学3年	数学	式の計算	「半径 r の円形の公園の周囲に、幅 h の遊歩道がある」とき、遊歩道の面積を求める式はどれですか。	π(r+h)^2 - πr^2	2πr + h	πr^2 - h	π(r-h)^2	（外側の大きな円の面積）から（内側の公園の面積）を引いて求めます。	標準	文字式
中学3年	数学	式の計算	「連続する2つの整数の積に、大きい方の整数を足すと、大きい方の整数の2乗になる」ことを証明しなさい。	n(n+1) + (n+1) = (n+1)^2	n(n-1) + n = n^2 + 1	n^2 + (n+1)^2 = 2n + 1	n(n+1) = n^2 + n	n(n+1) + (n+1) = (n+1)(n+1) = (n+1)^2 となり、証明されます。	標準	文字式
中学3年	数学	式の計算	式 (x + 3)(x － 3) を展開しなさい。	x^2 － 9	x^2 + 9	x^2 － 6x － 9	x^2 － 6	和と差の積の公式 (a+b)(a-b) = a^2 － b^2 を利用します。	基本	展開
中学3年	数学	式の計算	式 (x + 9)(x - 3) を展開しなさい。	x^2 + 6x - 27	x^2 - 6x - 27	x^2 + 12x + 27	x^2 - 27	(x+a)(x+b) = x^2 + (a+b)x + ab の公式を利用します [13]。	基本	展開
中学3年	数学	式の計算	式 (x + y + 1)(x + y - 1) を展開した結果を選びなさい。	x^2 + 2xy + y^2 - 1	x^2 + y^2 - 1	x^2 + 2xy + y^2 + 1	x^2 - y^2	(A+1)(A-1) = A^2-1 の形を利用して展開します。	標準	展開
中学3年	数学	式の計算	式 (x + y + 1)(x + y - 1) を展開しなさい。	x^2 + 2xy + y^2 - 1	x^2 + y^2 - 1	x^2 + 2xy + y^2 + 1	x^2 - y^2	x+yをMとおき、(M+1)(M-1) = M^2 - 1 として展開します。	標準	展開
中学3年	数学	式の計算	式 (x+6)^2 + (x-8)(x+2) を計算しなさい。	2x^2 + 6x + 20	2x^2 + 20	x^2 + 12x + 36	2x^2 - 6x + 20	展開して (x^2+12x+36) + (x^2-6x-16) をまとめると 2x^2+6x+20 になります。	標準	計算
中学3年	数学	式の計算	式 (x+y+5)(x+y-3) を展開したときに現れる xy の係数を答えなさい。	2	-2	1	0	展開して整理します。	標準	展開
中学3年	数学	式の計算	式 x^2 - 1/25 を因数分解した結果として正しいものを選びなさい。	(x + 1/5)(x - 1/5)	(x - 1/5)^2	(x + 1/25)(x - 1/25)	(x + 1/5)^2	差の平方の公式を用います。	基本	因数分解
中学3年	数学	式の計算	式 x^2 - 100 を因数分解した結果として正しいものを選びなさい。	(x + 10)(x - 10)	(x - 10)^2	(x + 100)(x - 1)	x(x - 100)	「a^2 - b^2 = (a+b)(a-b) の公式を適用します。」	基本	因数分解
中学3年	数学	式の計算	式 x^2 - 81 を因数分解した結果を選びなさい。	(x + 9)(x - 9)	(x - 9)^2	(x + 81)(x - 1)	x(x - 81)	公式 a^2 - b^2 = (a+b)(a-b) を適用します。	基本	因数分解
中学3年	数学	式の計算	式 x^2 - 81 を因数分解した結果を選びなさい。[23, 24]	(x + 9)(x - 9)	(x - 9)^2	(x + 81)(x - 1)	x(x - 81)	「a^2 - b^2 = (a+b)(a-b) の公式を適用します。」[23, 24]	基本	因数分解
中学3年	数学	式の計算	式「(x + y + 1)(x + y + 2)」を展開しなさい。	x^2+2xy+y^2+3x+3y+2	x^2+y^2+3x+3y+2	x^2+2xy+y^2+2	(x+y)^2+2	x+yをMとおいて展開し、最後に元に戻して整理します。	挑戦	展開
中学3年	数学	式の計算	式「x^2 － 1/25」を因数分解しなさい。	(x + 1/5)(x － 1/5)	(x － 1/5)^2	(x + 1/25)(x － 1/25)	(x + 1/5)^2	公式 a^2 － b^2 = (a+b)(a-b) を利用します。	基本	因数分解
中学3年	数学	式の計算	乗法公式 (x+a)(x+b) の展開結果として正しいものを選びなさい。	x^2+(a+b)x+ab	x^2+abx+(a+b)	x^2+(a-b)x-ab	x^2+ax+b	基本的な乗法公式です。	基本	公式
中学3年	数学	式の計算	式 x^2 + 10x + 25 を因数分解しなさい。	(x + 5)^2	(x - 5)^2	(x + 2)(x + 5)	(x + 25)(x + 1)	和が10、積が25になる2つの数は5と5なので、公式 a^2 + 2ab + b^2 = (a+b)^2 を利用します。	基本	因数分解
中学3年	数学	式の計算	式 (x + y)^2 - 25 を因数分解しなさい。	(x + y + 5)(x + y - 5)	(x + y - 5)^2	(x + y + 25)(x + y - 1)	x^2 + 2xy + y^2 - 25	公式 a^2 - b^2 = (a + b)(a - b) において、a = x + y、b = 5 とおいて利用します。	標準	因数分解
中学3年	数学	式の計算	式 (a + b + 2)(a + b - 4) を展開しなさい。	(a+b)^2 - 2(a+b) - 8	(a+b)^2 + 8	a^2 + b^2 - 8	(a+b)^2 - 4	a + b を X と置くことで、(X + 2)(X - 4) = X^2 - 2X - 8 となり、これを元に戻して展開します。	標準	展開
中学3年	数学	式の計算	式 (a + b + 2)(a + b - 4) を展開した結果として正しいものを選びなさい。	(a+b)^2 - 2(a+b) - 8	a^2 + b^2 - 8	(a+b)^2 - 8	a^2 + 2ab + b^2 + 8	a + b を X と置いて展開すると、X^2 - 2X - 8 となります。	標準	展開
中学3年	数学	式の計算	式「x^2 － 81」を因数分解しなさい。	(x + 9)(x － 9)	(x － 9)^2	(x + 81)(x － 1)	x(x － 81)	和と差の積の公式 a^2 － b^2 = (a + b)(a － b) を利用します。	基本	因数分解
中学3年	数学	式の計算	式 (a + b + 1)(a + b + 2) を展開しなさい。	(a + b)^2 + 3(a + b) + 2	(a + b)^2 + 2	a^2 + b^2 + 3	a^2 + b^2 + 3a + 3b + 2	a + b を M とおいて、(M + 1)(M + 2) = M^2 + 3M + 2 としてから元に戻します。	標準	展開
中学3年	数学	式の計算	「(x + y)(2x - 3y) - (x - 2y)^2 + 9y^2」を因数分解しなさい。	(x + y)(x + 2y)	(x - y)(x + 2y)	(x + y)(2x + y)	(x + y)^2	式を展開して整理すると x^2 + 3xy + 2y^2 となり，これを因数分解すると (x + y)(x + 2y) になります。	挑戦	因数分解
中学3年	数学	式の計算	「自然数 n を 12 で割り，商をさらに 12 で割る操作を商が 0 になるまで繰り返し，余りを右から順に並べる」とき，最終的な記録が 345 となる自然数 n を求めなさい。	485	345	437	500	(3 × 12^2) + (4 × 12^1) + (5 × 12^0) = 432 + 48 + 5 = 485 と計算します。	挑戦	数論
中学3年	数学	式の計算	「504」の約数の個数と，約数の総和をそれぞれ求めなさい。	個数：24個，総和：1560	個数：20個，総和：1240	個数：12個，総和：1008	個数：24個，総和：504	自然数を素因数分解して n = a^p × b^q と表せるとき，約数の個数は (p+1)(q+1) 個となります。	挑戦	数論
中学3年	数学	式の計算	「504」の約数の個数を求めなさい。	24個	12個	20個	16個	504=2^3 ×3^2 ×7^1  と素因数分解できます。約数の個数は (3+1)(2+1)(1+1)=4×3×2=24 個です。	挑戦	数論
中学3年	数学	式の計算	「3x^2 - 12」を因数分解しなさい。	3(x+2)(x-2)	3(x-2)^2	(3x+6)(x-2)	3(x^2-4)	まず共通因数3をくくり出し、次にかっこの中を 2乗の差の公式で因数分解します。	標準	因数分解
中学3年	数学	式の計算	4x^2 - 12x + 9 を因数分解しなさい。	(2x - 3)^2	(2x + 3)^2	(4x - 3)(x - 3)	(2x - 9)^2	公式 a^2 - 2ab + b^2 = (a-b)^2 を利用します。	標準	因数分解
中学3年	数学	式の計算	x^2 - (y - 1)^2 を因数分解しなさい。	(x + y - 1)(x - y + 1)	(x + y + 1)(x - y - 1)	(x + y - 1)(x - y - 1)	(x - y + 1)^2	公式 a^2 - b^2 = (a + b)(a - b) を利用して分解します。	標準	因数分解
中学3年	数学	式の計算	x^2 - 13x + 36 を因数分解しなさい。	(x - 4)(x - 9)	(x + 4)(x + 9)	(x - 6)^2	(x - 3)(x - 12)	和が-13、積が36になる2つの数 -4 と -9 を見つけます。[35, 36]	標準	因数分解
中学3年	数学	式の計算	x^2 - 25 を因数分解しなさい。	(x+5)(x-5)	(x-5)^2	(x+5)^2	(x+25)(x-1)	公式 a^2 - b^2 = (a+b)(a-b) を利用します。[5, 26]	基本	因数分解
中学3年	数学	式の計算	x^2 - 49 を因数分解しなさい。	(x+7)(x-7)	(x-7)^2	(x+7)^2	(x+49)(x-1)	公式 a^2 - b^2 = (a+b)(a-b) を利用します。[18, 19]	基本	因数分解
中学3年	数学	式の計算	x^2 - 6x + 5 を因数分解しなさい。	(x-1)(x-5)	(x-2)(x-3)	(x+1)(x+5)	(x-1)(x+5)	和が-6で積が5になる2つの数-1と-5を見つけます [4]。	標準	因数分解
中学3年	数学	式の計算	x^2 + 7x + 10 を因数分解しなさい。	(x+2)(x+5)	(x-2)(x-5)	(x+1)(x+10)	(x-1)(x-10)	和が7、積が10になる2つの数2と5を見つけ、(x+a)(x+b)の形にします。[5, 6]	基本	因数分解
中学3年	数学	式の計算	x^2 + 7x + 10 を因数分解しなさい。	(x+2)(x+5)	(x-2)(x-5)	(x+1)(x+10)	(x-1)(x-10)	和が7で積が10になる2つの数2と5を使います [14]。	基本	因数分解
中学3年	数学	式の計算	x^2-25 を因数分解しなさい。	(x+5)(x-5)	(x-5)^2	(x+5)^2	(x+25)(x-25)	公式 a^2-b^2=(a+b)(a-b) を利用します。	基本	因数分解
中学3年	数学	式の計算	式 2x^2 + 12x + 18 を因数分解しなさい。	2(x + 3)^2	2(x + 9)(x + 1)	(2x + 6)^2	2(x - 3)^2	まず共通因数 2 をくくり出し、2(x^2 + 6x + 9) としてから公式を使います。	標準	因数分解
中学3年	数学	相似な図形	「高さ6cm、底面の直径15cmのケーキA」と「高さ8cm、底面の直径20cmのケーキB」の相似比は？	3:4	6:8	15:20	9:16	高さの比 6:8 も直径の比 15:20 も、約分するとどちらも 3:4 になります。	標準	相似
中学3年	数学	相似な図形	「高さ6cm・直径15cmのケーキA」と「高さ8cm・直径20cmのケーキB」の相似比を求めなさい。	3 : 4	6 : 8	15 : 20	9 : 16	高さの比 6:8 も直径の比 15:20 も、約分すると 3:4 になります [26]。"	標準	相似
中学3年	数学	相似な図形	「三角形の2辺の中点を結ぶ線分は、残りの1辺に平行で、長さはその半分である」これを何といいますか。	中点連結定理	相似の定理	平行線の性質	三平方の定理	三角形における相似の特別なケースを示す重要な定理です。	基本	図形
中学3年	数学	相似な図形	「三角形の中点連結定理」において、中点を結んだ線分の長さは底辺の長さの何倍ですか。	1/2倍	2倍	1倍	1/4倍	中点連結定理により、結んだ線分は底辺と平行で、長さは半分になります。	基本	図形
中学3年	数学	相似な図形	「身長160cmの人が鏡から離れて全身を映すとき、最低限必要な鏡の縦の長さ」は？	80cm	160cm	40cm	120cm	反射の法則と相似比の関係から、全身を映すには身長の半分の長さの鏡が必要です [24, 25]。"	挑戦	相似
中学3年	数学	相似な図形	「相似比が 1:2 の2つの円」の面積比を求めなさい。	1:4	1:2	1:8	1:1.41	面積比は相似比の2乗になるため、1^2 : 2^2 = 1:4 となります。	基本	相似
中学3年	数学	相似な図形	「相似比が 1:2 の2つの球」について、表面積の比を求めなさい。	1:4	1:2	1:8	1:1.41	面積の比は相似比の2乗になるため、1^2 : 2^2 = 1:4 です。	基本	相似
中学3年	数学	相似な図形	「相似比が 1:2 の2つの球」について、表面積の比を求めなさい。	1:4	1:2	1:8	1:1.41	面積の比は相似比の2乗になるため、1^2 : 2^2 = 1:4 です。	基本	相似
中学3年	数学	相似な図形	「長さ1mの棒の影が1.8mのとき、影の長さが25.2mである校舎の高さ」を求めなさい。	14m	45.36m	10m	18m	（棒の高さ）:（棒の影）＝（校舎の高さ）:（校舎の影）の比の性質を利用します。	標準	相似
中学3年	数学	相似な図形	△ABC∽△DEFで相似比が2:3、BC=12のとき、対応する辺EFの長さを求めなさい。	18	8	12	6	相似比 2:3 = 12:EF という比例式を立てて、2×EF=36 より求めます。	標準	図形
中学3年	数学	相似な図形	△ABC∽△DEFで相似比が3:2のとき、面積の比を求めなさい。	9:4	3:2	27:8	6:4	相似な図形の面積比は、相似比の2乗になります。	基本	相似
中学3年	数学	相似な図形	△ABCの辺ABを3:2に分ける点をDとし、Dを通りBCに平行な直線とACの交点をEとする。BC=10cmのとき、DEの長さは？	6cm	4cm	15cm	7.5cm	△ADE∽△ABCで、相似比は AD:AB = 3:5。10 * (3/5) = 6cm となります。	標準	相似
中学3年	数学	相似な図形	2つの相似な円柱の高さの比が 2 : 3 のとき、体積の比を求めなさい。	8 : 27	4 : 9	2 : 3	16 : 81	相似比が m : n のとき、体積比は m^3 : n^3 になります。	基本	相似
中学3年	数学	相似な図形	2つの相似な図形の相似比が m:n のとき、面積比はどうなりますか。	m^2:n^2	m:n	m^3:n^3	2m:2n	相似な図形の面積比は、相似比の2乗に等しくなります。[33]	標準	相似
中学3年	数学	相似な図形	2つの相似な立体の相似比が m:n のとき、体積比はどうなりますか。	m^3:n^3	m:n	m^2:n^2	3m:3n	相似な図形の面積比は2乗、体積比は3乗の比になります。[29, 30]	標準	相似
中学3年	数学	相似な図形	高さの比が 3 : 4 である相似な2つの円柱の形をしたケーキの、体積の比を求めなさい。	27 : 64	3 : 4	9 : 16	6 : 8	「相似な立体の体積比は、相似比の3乗の比になります。」	標準	相似
中学3年	数学	相似な図形	高さの比が 3:4 である相似な2つの円柱の形をしたケーキの体積比を求めなさい。	27:64	3:4	9:16	6:8	体積比は相似比の3乗です。	標準	相似
中学3年	数学	相似な図形	身長160cmの人が鏡から離れて全身を映すとき、最低限必要な鏡の縦の長さは？	80cm	160cm	40cm	120cm	反射の法則と相似比の関係から、身長の半分の長さがあれば全身を映せます。	挑戦	相似
中学3年	数学	相似な図形	身長160cmの人が鏡から離れて全身を映すとき最低限必要な鏡の縦の長さは何cmですか。	80cm	160cm	40cm	120cm	相似の関係から身長の半分になります。	挑戦	相似
中学3年	数学	相似な図形	相似な2つの立体の相似比が 2:3 のとき、その「表面積の比」を求めなさい。	4:9	2:3	8:27	16:81	相似な図形の面積比（表面積比）は、相似比の2乗の比になります。	標準	相似
中学3年	数学	相似な図形	相似な図形を表すときに使う記号を選びなさい。	∽	≡	∽∽	≅	相似であることを示すには記号「∽」を使います [11]。	基本	相似
中学3年	数学	相似な図形	相似比が 1:2 の2つの球の「表面積の比」を求めなさい。	1:4	1:2	1:8	1:1.41	面積の比は相似比の2乗になるため、1^2:2^2 = 1:4 となります。	基本	相似
中学3年	数学	相似な図形	相似比が 1:3 の2つの立体の「体積比」を求めなさい。	1:27	1:3	1:9	1:6	相似な立体の体積比は、相似比の3乗の比になります。	基本	相似
中学3年	数学	相似な図形	相似比が 2 : 3 である相似な立体の「体積比」を求めなさい。	8 : 27	4 : 9	2 : 3	16 : 81	相似な立体の体積比は、相似比の3乗の比になります。	標準	相似
中学3年	数学	相似な図形	相似比が 2:3 である相似な立体の「体積比」を求めなさい。	8:27	4:9	2:3	16:81	相似な立体の体積比は、相似比の3乗の比になります。	基本	相似
中学3年	数学	相似な図形	相似比が 3 : 4 の2つの図形の面積比を求めなさい。	9:16	3:4	6:8	27:64	相似な図形の面積比は、相似比の2乗に等しくなります。[15, 16]	標準	図形
中学3年	数学	相似な図形	相似比が 3 : 5 である2つの図形の「面積比」を求めなさい。	9 : 25	3 : 5	6 : 10	27 : 125	面積の比は、相似比の2乗に等しくなります。	基本	相似
中学3年	数学	相似な図形	相似な2つの立体の相似比が 1:2 のとき、体積の比を求めなさい。	1:8	1:2	1:4	1:6	相似な立体の体積比は、相似比の3乗の比になります。1^3 : 2^3 = 1:8 です。	基本	相似
中学3年	数学	相似な図形	相似な2つの立体の相似比が 2 : 3 のとき、その「表面積の比」を求めなさい。	4 : 9	8 : 27	2 : 3	16 : 81	相似な立体の表面積の比（面積の比）は、相似比の2乗の比になります。	標準	相似
中学3年	数学	相似な図形	相似な2つの立体の「表面積の比」が 4 : 9 のとき、それらの「相似比」を求めなさい。	2 : 3	4 : 9	8 : 27	16 : 81	面積の比は相似比の2乗の比になるため、√4 : √9 = 2 : 3 が相似比となります。	標準	相似
中学3年	数学	相似な図形	相似な2つの円柱 A, B があり、高さの比が 3 : 4 です。このとき、体積の比を求めなさい。	27 : 64	9 : 16	3 : 4	81 : 256	相似比が m : n のとき、体積比は m^3 : n^3 になります。	標準	相似
中学3年	数学	相似な図形	「相似比が 3 : 5 である 2つの図形」の面積比を求めなさい。	9 : 25	3 : 5	6 : 10	27 : 125	相似な図形の面積比は，相似比の2乗の比に等しくなります。	基本	相似
中学3年	数学	相似な図形	「三角形の 2辺の中点を結ぶ線分は、残りの 1辺に平行で、長さはその半分である」という定理を何といいますか。	中点連結定理	相似の定理	平行線の性質	三平方の定理	三角形の相似比 1:2 を利用した非常に有名な定理です。	基本	図形
中学3年	数学	相似な図形	「身長 160 cmの人が，鏡の前に立って自分の全身を映す」ために，最低限必要な鏡の縦の長さは何cmですか。	80 cm	160 cm	40 cm	120 cm	反射の法則による相似比の関係から，全身を映すには身長のちょうど半分の長さの鏡が必要です。	挑戦	相似
中学3年	数学	相似な図形	「円錐の容器にコップ 1 杯の水を入れたところ，深さが容器の半分」になりました。この容器をいっぱいにするには，あと何杯の水を入れる必要がありますか。	7杯	3杯	4杯	8杯	相似比が 1:2 のとき体積比は 1:8 になるため，全体（8）からすでに入っている量（1）を引くと 7 杯分となります。	挑戦	相似
中学3年	数学	相似な図形	「底面の半径が 15 cm，高さが 6 cm の円柱 A」と「底面の半径が 20 cm，高さが 8 cm の円柱 B」のケーキがあります。どちらのケーキがお得かを考える際，比較すべき値は何ですか。	1円あたりの体積（または体積比と価格比）	ケーキの表面積	ケーキの高さ	底面の直径のみ	相似比は 15:20 = 3:4 なので，体積比は 27:64 となります。これと価格を比較して判断します。	挑戦	相似
中学3年	数学	相似な図形	円錐の容器にコップ 1 杯の水を入れたところ，深さが容器の半分になりました。この容器をいっぱいにするには，あと何杯の水を入れる必要がありますか。	7杯	3杯	4杯	8杯	容器全体と水の入った部分は相似で，相似比は 2 : 1 です。体積比は 2^3 :1^3 =8:1 なので，残りは 8−1=7 杯分です。	挑戦	相似
中学3年	数学	二次関数	「yはxの2乗に比例する」関係を表す式を選びなさい。	y = ax^2	y = ax	y = a/x	y = ax + b	比例定数aを用いたこの形を2乗に比例する関数といいます [26]。	基本	関数
中学3年	数学	二次関数	y = 1/2 x^2 について、xの値が2から6まで増加するときの変化の割合を求めなさい。	4	2	8	16	yの値は2から18まで増加します。(18-2)/(6-2) = 16/4 = 4 となります。	標準	関数
中学3年	数学	二次関数	関数 y = -1/2 x^2 において、xの変域が -4 ≦ x ≦ 2 のとき、yの変域を求めなさい。	-8 ≦ y ≦ 0	-8 ≦ y ≦ -2	0 ≦ y ≦ 8	-2 ≦ y ≦ 0	最大値と最小値を調べます。	標準	関数
中学3年	数学	二次関数	関数 y = -1/2 x^2 について、xの値が -4 から 2 まで増加するときの変化の割合を求めなさい。	1	2	-1	-2	yの値は -8 から -2 まで変化します。(-2 - (-8)) / (2 - (-4)) = 6 / 6 = 1 です。	標準	関数
中学3年	数学	二次関数	関数 y = 2x^2 で、x = -3 のときのyの値を求めなさい。	18	-18	12	6	y = 2 × (-3)^2 = 2 × 9 = 18 と計算します。[15, 22]	基本	関数
中学3年	数学	二次関数	関数 y = 2x^2 について、xの値が1から3まで増加するときの変化の割合を求めなさい。	8	4	16	2	yの値は2から18まで増加します。(18-2)/(3-1) = 16/2 = 8 です。	標準	関数
中学3年	数学	二次関数	関数 y = 2x^2 について、xの変域が －1 ≦ x ≦ 3 のとき、yの最小値を求めなさい。	0	2	18	-1	x = 0 が変域に含まれるため、グラフの頂点である y = 0 が最小値になります。	標準	関数
中学3年	数学	二次関数	関数 y = 3x^2 において、xの変域が 1 ≦ x ≦ 5 のとき、yの変域を求めなさい。	3 ≦ y ≦ 75	0 ≦ y ≦ 75	3 ≦ y ≦ 15	1 ≦ y ≦ 25	x=1のときy=3、x=5のときy=75。x=0を含まないため、そのまま代入した値が範囲となります。	標準	関数
中学3年	数学	二次関数	関数 y = ax^2 と y = －5x^2 のグラフが x軸を対称の軸として線対称であるとき、aの値は？	5	-5	1/5	-1/5	x軸に関して線対称なグラフは、比例定数の符号が逆になります。	基本	関数
中学3年	数学	二次関数	関数 y = ax^2 において、x の値が 3 から 5 まで増加するときの変化の割合が 4 であった。a の値を求めなさい。	0.5	1	2	4	「変化の割合は a(3+5)=8a となり、8a=4 より a=0.5 を導きます。」	挑戦	関数
中学3年	数学	二次関数	関数 y = ax^2 において「xの変域が -4 ≦ x ≦ 2 のとき、yの最大値が 8」である。aの値を求めなさい。	0.5	2	4	0.25	x = -4のときにyが最大値をとるので、8 = a * (-4)^2 を解いて a=0.5 を得ます。	挑戦	関数
中学3年	数学	二次関数	関数 y = ax^2 において「xの変域が -4 ≦ x ≦ 2 のとき、yの最大値が 8」となるaの値は？	0.5	2	4	0.25	x = -4 のとき最大値 8 をとるため、8 = a * (-4)^2 を解いて a=0.5 となります [23]。"	標準	関数
中学3年	数学	二次関数	関数 y = ax^2 において「xの変域が-4 ≦ x ≦ 2 のとき、yの最大値が 8」である。aの値を求めなさい。	0.5	2	4	0.25	x = -4のときに最大値をとるので、8 = a * (-4)^2 より a = 8/16 = 0.5 となります。	挑戦	関数
中学3年	数学	二次関数	関数 y = ax^2 について、x = 2 のとき y = 12 である。aの値を求めなさい。	3	4	6	12	12 = a * 2^2 より、12 = 4a となり a = 3 です [16]。	基本	関数
中学3年	数学	二次関数	関数 y = ax^2 について、x = 2 のとき y = 12 である。aの値を求めなさい。	3	4	6	12	12 = a * 2^2 より、12 = 4a となり a = 3 です。	基本	関数
中学3年	数学	二次関数	関数 y = ax^2 について、x = 2 のとき y = 12 である。比例定数aを求めなさい。	3	4	6	12	12 = a × 2^2 より、12 = 4a。よって a = 3 となります。	基本	関数
中学3年	数学	二次関数	関数 y = ax^2 について、x = 2 のとき y = 12である。aの値を求めなさい。[29, 30]	3	4	6	12	「12 = a * 2^2 より、12 = 4a となり a = 3 です。」[29, 30]	基本	関数
中学3年	数学	二次関数	関数 y = -x^2 について、xの変域が -1 ≦ x ≦ 1 のとき、yの変域を求めなさい。	-1 ≦ y ≦ 0	0 ≦ y ≦ 1	-1 ≦ y ≦ 1	y = 0	x=0で最大値0、x=1または-1で最小値-1をとります。グラフの向きに注意が必要です。	標準	関数
中学3年	数学	二次関数	関数 y = x^2 について、xの変域が -1 ≦ x ≦ 2 のとき、yの変域を求めなさい。	0 ≦ y ≦ 4	1 ≦ y ≦ 4	-1 ≦ y ≦ 4	0 ≦ y ≦ 2	x=0のときに最小値0をとり、x=2のときに最大値4をとります。	標準	関数
中学3年	数学	二次関数	関数 y=3x^2 で、x=2のときのyの値を求めなさい。	12	6	36	18	y = 3 × 2^2 = 3 × 4 = 12 と計算します。[22, 23]	基本	関数
中学3年	数学	二次関数	関数 y=ax^2 において x が3から5まで増加するときの変化の割合が4であった。aの値を求めなさい。	0.5	1	2	4	変化の割合は a(3+5)=8a です。	標準	関数
中学3年	数学	二次関数	関数 y = ax^2 について、a > 0 のときグラフはどのような形になりますか。	上に開いた放物線	下に開いた放物線	右上がりの直線	双曲線	比例定数 a が正のとき、グラフは原点を頂点として上に開く形（下に凸）になります。	基本	関数
中学3年	数学	二次関数	関数 y = ax^2 について、x = 2 のとき y = 16 です。このときの比例定数 a の値を求めなさい。	4	8	2	32	y = ax^2 に値を代入して 16 = a × 2^2 = 4a より、a = 4 を得ます。	基本	関数
中学3年	数学	二次関数	関数 y = ax^2 について、x の値が p から q まで増加するときの変化の割合を求める公式を選びなさい。	a(p + q)	a(p - q)	apq	a / (p + q)	二次関数における変化の割合は、a(p + q) という簡略化された式で計算することが可能です。	標準	関数
中学3年	数学	二次関数	関数 y = ax^2 について、x の値が 3 から 5 まで増加するときの変化の割合が 4 でした。a の値を求めなさい。	0.5	1	2	4	変化の割合の公式 a(p + q) = 4 に代入して、a(3 + 5) = 8a = 4 より求めます。	標準	関数
中学3年	数学	二次関数	「y は x の 2乗に比例し，x = 2 のとき y = 12 である」とき，比例定数 a の値を求めなさい。	3	4	6	12	y = ax^2 の式に値を代入し，12 = a × 2^2 = 4a より求めます。	基本	関数
中学3年	数学	二次関数	関数 y = 1/4 x^2 について、x の変域が -2 ≦ x ≦ 4 のとき、y の変域を求めなさい。	0 ≦ y ≦ 4	1 ≦ y ≦ 4	-1 ≦ y ≦ 4	0 ≦ y ≦ 1	x = 0 のとき最小値 0 をとり、x = 4 のとき最大値 4 をとります。	標準	関数
中学3年	数学	二次関数	「関数 y = ax^2 について，x の値が 3 から 5 まで増加するときの変化の割合が 4」であったとき，比例定数 a の値を求めなさい。	0.5	1	2	4	変化の割合の簡略公式 a(p + q) を利用し，a(3 + 5) = 8a = 4 より a = 0.5 と導きます。	挑戦	関数
中学3年	数学	二次関数	「縦 10 cm，横 6 cm の長方形 ABCD で，点 P は A から B まで秒速 1 cm，点 Q は C から D まで秒速 1/3 cm で動く」とき，BP と BQ を 2 辺とする長方形の面積が長方形 ABCD の 1/10 になるのは出発から何秒後ですか。	6秒後（および3秒後）	4秒後	5秒後	10秒後	(10−x)×(1/3 x) = 60×1/10 という方程式を立てると x^2−10x+18=0 となり計算により 6秒後 と導かれます。	挑戦	動点
中学3年	数学	二次関数	関数 y=ax^2  において，x の値が 3 から 5 まで増加するときの変化の割合が 4 でした。比例定数 a の値を求めなさい。	0.5	1	2	4	変化の割合の公式 a(p+q)=変化の割合 を利用します。a(3+5)=8a=4 より，a=0.5 を導き出します。	挑戦	関数
中学3年	数学	二次方程式	(x+2)(x+4)=-1 を整理して解きなさい。	x=-3	x=-2と-4	x=3	x=-1	平方完成で解けます。	標準	方程式
中学3年	数学	二次方程式	(x-3)(x+5)=0 を解きなさい。	x=3とx=-5	x=-3とx=5	x=3とx=5	x=-3とx=-5	積が0になることからx-3=0またはx+5=0となる値を求めます。[6]	基本	方程式
中学3年	数学	二次方程式	「x^2 - 5x = 0」を解きなさい。	x=0と5	x=5	x=±5	x=0と-5	左辺を x(x-5) = 0 と因数分解し、x=0 または x-5=0 を導きます。	基本	方程式
中学3年	数学	二次方程式	「連続する2つの正の整数があり、それぞれの2乗の和が 145」であるとき、小さい方の数は？	8	7	9	12	x^2 + (x+1)^2 = 145 を解くと x=8 となります [23]。	標準	文章題
中学3年	数学	二次方程式	「連続する2つの正の整数があり、それぞれの2乗の和が 145」であるとき、小さい方の数は？[44]	8	7	9	12	「x^2 + (x+1)^2 = 145 を解くと x=8 となります。」[44]	標準	文章題
中学3年	数学	二次方程式	「連続する2つの正の整数があり、それぞれの2乗の和が145である」この2つの数を求めなさい。	8と9	7と8	9と10	6と7	x^2 + (x+1)^2 = 145 を解くと、2x^2+2x-144=0 より x=8 が得られます。	標準	文章題
中学3年	数学	二次方程式	「連続する2つの正の整数があり、それぞれの2乗の和が145である」この2つの数を求めなさい。	8と9	7と8	9と10	12と13	x^2 + (x+1)^2 = 145 を解くと、2x^2+2x-144=0 より x=8 が導かれます。	標準	文章題
中学3年	数学	二次方程式	2次方程式 (x - 2)^2 = 9 を解きなさい。	x = 5と-1	x = 5と1	x = 11と-7	x = 3と-3	x-2 = ±3 より、x = 2+3=5 と x = 2-3=-1 となります。[47, 48]	標準	方程式
中学3年	数学	二次方程式	2次方程式 (x+2)(x-2) = 5x - 4 を解きなさい。	x=0と5	x=2と-2	x=4	-4と-1	左辺を展開して x^2-4 = 5x-4。整理して x^2-5x = 0。因数分解して解を求めます。	挑戦	方程式
中学3年	数学	二次方程式	2次方程式 ax^2 + bx + c = 0 の解の公式を答えなさい。	x = (-b ± √(b^2 - 4ac)) / 2a	x = (-b ± √(b^2 + 4ac)) / 2a	x = (b ± √(b^2 - 4ac)) / 2a	x = -b / 2a	解の公式は2次方程式の係数を代入して解を求める最も基本的な公式です。[12, 13]	基本	方程式
中学3年	数学	二次方程式	2次方程式 ax^2 + bx + c = 0 の解を求める公式の分母は何ですか。	2a	a	4ac	b^2	解の公式の分母は「2a」となります [23]。	基本	方程式
中学3年	数学	二次方程式	x^2 - 13x + 36 = 0 を解きなさい。	x=4とx=9	x=-4とx=-9	x=6	x=-6とx=6	左辺を因数分解すると (x-4)(x-9)=0 となるため、解は4と9です。[29, 30]	標準	方程式
中学3年	数学	二次方程式	x^2 - 16 = 0 を解きなさい。	x=±4	x=4	x=16	x=±8	x^2 = 16 より、xは16の平方根である ±4 となります。[5, 12]	基本	方程式
中学3年	数学	二次方程式	x^2 + 10x + 25 = 0 を解きなさい。	x = -5	x = 5	x = ±5	解なし	左辺を (x + 5)^2 = 0 と因数分解すると、重解 x = -5 が得られます。	基本	方程式
中学3年	数学	二次方程式	x^2 + 5x + 6 = 0 の解を求めなさい。	x=-2と-3	x=2と3	x=-2と3	x=2と-3	左辺を (x+2)(x+3)=0 と因数分解して解を求めます。	基本	方程式
中学3年	数学	二次方程式	x^2-5=0 を解きなさい。	x=±√5	x=5	x=25	x=√5	平方根の考え方を利用し、x^2=5 から xは5の平方根であることを求めます。	基本	方程式
中学3年	数学	二次方程式	カレンダーで「ある日の真上と真下の数をかけると207になる」とき、その日はいつですか。	16日	14日	15日	17日	(x-7)(x+7) = 207 を解くと、x^2 - 49 = 207 より x^2 = 256。x = 16日です。	標準	方程式
中学3年	数学	二次方程式	カレンダーで「ある日の真上と真下の数をかけると207になる」とき、その日は何日ですか。	16日	14日	15日	17日	(x-7)(x+7) = 207 を解くと、x^2 - 49 = 207 より x^2 = 256。x = 16日です。	標準	方程式
中学3年	数学	二次方程式	カレンダーで「ある日の真上の数と真下の数をかけると207になる」とき、その日はいつか求めなさい。	16日	14日	15日	17日	xをその日とすると (x-7)(x+7)=207。x^2-49=207 より x^2=256。x=16となります。	標準	方程式
中学3年	数学	二次方程式	カレンダーで「ある日の真上の数と真下の数をかけると207になる」とき、その日は何日ですか。	16日	14日	15日	17日	((x-7)(x+7) = 207 を解くと x^2 - 49 = 207 より x^2 = 256。x = 16日です [21, 22]。)	標準	方程式
中学3年	数学	二次方程式	カレンダーで「ある日の真上の数と真下の数を掛けると207になる」とき、その日は何日ですか。	16日	14日	15日	17日	その日をxとすると、(x-7)(x+7)=207。x^2-49=207よりx^2=256となり、x=16です。	標準	方程式
中学3年	数学	二次方程式	カレンダーである日の真上の数と真下の数を掛けると207になるとき、その日は何日ですか。	16日	14日	15日	17日	平方完成で求めます。	標準	方程式
中学3年	数学	二次方程式	二次方程式 (x - 2)^2 = 5 を解きなさい。	x = 2 ± √5	x = -2 ± √5	x = 7	x = 3	平方根の考え方を利用し、x-2 = ±√5 から 2を移項します。	標準	方程式
中学3年	数学	二次方程式	二次方程式 (x - 3)^2 = 5 を解きなさい。	x = 3 ± √5	x = -3 ± √5	x = 8	x = 2	平方根の考え方を利用し、x-3 = ±√5 から3を移項します。	標準	方程式
中学3年	数学	二次方程式	二次方程式 ax^2 + bx + c = 0 の解を求める公式において、根号の中の式（判別式）はどれですか。	b^2 - 4ac	b^2 + 4ac	4ac - b^2	2a	二次方程式の解の公式に含まれる根号内の式です [29]。"	基本	方程式
中学3年	数学	二次方程式	二次方程式 x^2 - 10x + 25 = 0 を解きなさい。	x = 5	x = -5	x = ±5	解なし	左辺を (x-5)^2 = 0 と因数分解すると、解は5の重解となります。	基本	方程式
中学3年	数学	二次方程式	二次方程式 x^2 - 4x + 4 = 0 を解きなさい。	x = 2	x = -2	x = ±2	解なし	左辺を (x-2)^2 = 0 と因数分解すると、解は 2の重解となります [15]。	基本	方程式
中学3年	数学	二次方程式	二次方程式 x^2 － 7x + 10 = 0 を解きなさい。	x = 2と5	x = -2と-5	x = 2と-5	x = -2と5	左辺を (x-2)(x-5) = 0 と因数分解して解を求めます。	基本	方程式
中学3年	数学	二次方程式	二次方程式 x^2 - x - 6 = 0 を解きなさい。	x = 3と-2	x = -3と2	x = 6と-1	x = 3と2	左辺を(x-3)(x+2)=0と因数分解して解を求めます。	基本	方程式
中学3年	数学	二次方程式	二次方程式 x^2 + 16x + 64 = 0 を解きなさい。	x = -8	x = 8	x = ±8	解なし	左辺を (x+8)^2 = 0 と因数分解すると、解は -8 の重解となります。	基本	方程式
中学3年	数学	二次方程式	二次方程式 x^2 + 6x - 2 = 0 を (x + 3)^2 = k の形に変形したとき、k の値を求めなさい。	11	2	7	9	平方完成を行います。	標準	方程式
中学3年	数学	二次方程式	二次方程式 x^2+6x-2=0 を (x+3)^2=k の形に変形したときの k の値を求めなさい。	11	2	7	9	平方完成により k=11 です。	標準	方程式
中学3年	数学	二次方程式	二次方程式「(x - 2)^2 = 16」を解きなさい。	x = 6と-2	x = 4と-4	x = 18と-14	x = 6	x-2 = ±4 となるため、x = 2+4=6 と x = 2-4=-2 の2つが解です。	標準	方程式
中学3年	数学	二次方程式	方程式 x^2 = 5x を解きなさい。	x = 0と5	x = 5	x = ±√5	x = 0と-5	x^2 － 5x = 0 と変形し、x(x - 5) = 0 と因数分解して解を求めます。	標準	方程式
中学3年	数学	二次方程式	方程式「(x － 5)^2 － 18 = 0」を解きなさい。	x = 5 ± 3√2	x = -5 ± 3√2	x = 5 ± 18	x = 23と-13	左辺の-18を移項し、x-5 = ±√18 = ±3√2。よって x = 5 ± 3√2 です。	標準	方程式
中学3年	数学	二次方程式	二次方程式 ax^2 + bx + c = 0 の解の公式において、根号(√)の中にある式を答えなさい。	b^2 - 4ac	b^2 + 4ac	4ac - b^2	2a	解の公式 x = (-b ± √(b^2 - 4ac)) / 2a の、ルートの中に入る計算式です。	基本	方程式
中学3年	数学	二次方程式	二次方程式 (x - 2)^2 = 9 を解きなさい。	x = 5, -1	x = 5, 1	x = 11, -7	x = 3, -3	x - 2 = ±3 となるため、x = 2 + 3 = 5 と x = 2 - 3 = -1 が解となります。	標準	方程式
中学3年	数学	二次方程式	二次方程式 x^2 + 5x + 6 = 10x + 12 を解きなさい。	x = 6, -1	x = 3, 2	x = -6, 1	x = 5, -2	式を整理して x^2 - 5x - 6 = 0 とし、因数分解 (x - 6)(x + 1) = 0 を用いて解を求めます。	標準	方程式
中学3年	数学	二次方程式	二次方程式 x^2 + 5x + 6 = 10x + 12 を解きなさい。	x = 6, -1	x = 3, 2	x = -6, 1	x = 5, -2	式を整理して x^2 - 5x - 6 = 0 とし、因数分解 (x - 6)(x + 1) = 0 を用いて解きます。	標準	方程式
中学3年	数学	二次方程式	二次方程式「x^2 － 13x + 36 = 0」を解きなさい。	x = 4，9	x = －4，－9	x = 6	x = －6，6	左辺を (x － 4)(x － 9) = 0 と因数分解することで，解を求めます。	標準	方程式
中学3年	数学	二次方程式	二次方程式 x^2 + 6x - 2 = 0 を、(x + 3)^2 = k の形に変形したとき、k の値を求めなさい。	11	7	9	2	x^2 + 6x = 2 の両辺に、xの係数の半分の2乗（9）を加えると、(x + 3)^2 = 11 となります。	標準	方程式
中学3年	数学	二次方程式	「AB = 10 cm，BC = 6 cmの長方形ABCDで，点PはAからBまで秒速 1 cm，点QはCからDまで秒速 1/3 cmで動く」とき，BPとBQを2辺とする長方形の面積が長方形ABCDの 1/10 になるのは出発から何秒後ですか。	6秒後	4秒後	5秒後	3秒後	(10 - x) × (1/3 x) = 60 × 1/10 という方程式を立てて解くと，x = 6（および3）が得られます。	挑戦	動点
中学3年	数学	二次方程式	「連続する 3 つの正の奇数があり，最小の数の平方と最大の数の平方の和は，真ん中の数の 16 倍より 6 小さい」とき，これら 3 つの数を求めなさい。	7，9，11	3，5，7	5，7，9	9，11，13	(n-2)^2 + (n+2)^2 = 16n - 6 という方程式を解くと n = 7（真ん中の数）が得られます。	挑戦	文章題
中学3年	数学	二次方程式	縦 5 cm，横 8 cm の長方形があります。この長方形の縦を 4 cm，横を x cm 長くしたら，面積が 50 cm 2増えました。x の値を求めなさい。	2	4	5	10	変化後の面積は (5+4)×(8+x) です。これがもとの面積 5×8=40 より 50 大きいので，9(8+x)=90 を解きます。	挑戦	方程式
中学3年	数学	平方根	「(√3 + √2)(√3 - √2)」を計算しなさい。	1	5	√6	3-2√2	公式 (a+b)(a-b) = a^2 - b^2 を利用すると、3-2 = 1 となります。	標準	計算
中学3年	数学	平方根	「√12 + √27」を計算しなさい。	5√3	√39	6√3	3√15	2√3 + 3√3 と変形してまとめると 5√3 になります。	基本	計算
中学3年	数学	平方根	「√12 + √27」を計算しなさい。	5√3	√39	6√3	3√15	2√3 + 3√3 と変形して、同類項のようにまとめます。	基本	計算
中学3年	数学	平方根	「√32 + 3√2」を計算しなさい。	7√2	√35	5√2	4√6	√32 = 4√2 と変形し、3√2 と足して 7√2 となります。	基本	計算
中学3年	数学	平方根	「√32 + 3√2」を計算しなさい。	7√2	√35	5√2	4√6	√32 = 4√2 と変形し、3√2 と足して 7√2 になります [14]。	基本	計算
中学3年	数学	平方根	「√3n が自然数となるような、最小の自然数 n 」を求めなさい。	3	1	9	0	根号の中が「3の2乗」になればよいため、n=3のとき√9=3となり自然数になります。	基本	平方根
中学3年	数学	平方根	「√3n が自然数となるような、最小の自然数 n」を求めなさい。	3	1	9	0	根号の中が「3の2乗」になればよいため、n=3のとき√9=3となり自然数になります。	基本	平方根
中学3年	数学	平方根	「√50 + √18」を計算しなさい。	8√2	√68	15√2	2√17	5√2 + 3√2 と変形してから足し合わせ、8√2 となります。	標準	計算
中学3年	数学	平方根	「√50」を a√b の形に直しなさい。	5√2	2√5	10√5	25√2	50 = 25 × 2 = 5^2 × 2 なので、5を根号の外に出します。	基本	計算
中学3年	数学	平方根	「√50」を a√b の形に直しなさい。	5√2	2√5	10√5	25√2	50 = 25 * 2 = 5^2 * 2 なので、5を根号の外に出します [19, 20]。"	基本	計算
中学3年	数学	平方根	「√5n が整数となるような最小の自然数n」を求めなさい。	5	0	1	25	根号の中が「ある数の2乗」になればよいため、n=5のとき√25=5となります。	標準	平方根
中学3年	数学	平方根	「2 / √6」の分母を有理化しなさい。	√6 / 3	√6	√6 / 2	2/6	分母と分子に √6 を掛けると 2√6 / 6 となり、約分して √6 / 3 になります。	標準	平方根
中学3年	数学	平方根	「3 / √2」の分母を有理化しなさい。	3√2 / 2	3√2	√2 / 3	3 / 2	分母と分子に√2を掛けて、分母から根号をなくします。	基本	計算
中学3年	数学	平方根	「3 / √8」の分母を有理化しなさい。	3√2 / 4	3√8 / 8	√2 / 4	3 / 2	√8 = 2√2 なので、分母分子に√2をかけて 3√2 / 4 となります。	標準	計算
中学3年	数学	平方根	「5 / √12」の分母を有理化しなさい。	5√3 / 6	5√12 / 12	5√3 / 3	√15 / 2	√12 = 2√3 なので、分母分子に√3を掛けると 5√3 / (2*3) = 5√3/6 です。	標準	計算
中学3年	数学	平方根	「6 / √27」の分母を有理化しなさい。	2√3 / 3	√3 / 2	2√3	√27 / 6	√27 = 3√3 なので、分母分子に√3を掛けて整理すると 6√3 / 9 = 2√3/3 です。	標準	計算
中学3年	数学	平方根	「6 / √27」の分母を有理化しなさい。[25, 26]	2√3 / 3	√3 / 2	2√3	√27 / 6	「√27 = 3√3 なので、分母分子に√3を掛けて整理します。」[25, 26]	標準	計算
中学3年	数学	平方根	√12 を a√b の形に表しなさい。	2√3	3√2	4√3	√6	12を素因数分解すると 2^2 × 3 となるため、2を根号の外に出します。	基本	平方根
中学3年	数学	平方根	√18 を a√b の形に表しなさい。	3√2	2√3	9√2	2√9	18 = 9 × 2 = 3^2 × 2 なので、√18 = 3√2 となります。[3]	基本	平方根
中学3年	数学	平方根	√2 × √7 を計算しなさい。	√14	√9	14	3.14	根号（ルート）の中の数どうしを掛け合わせます。	基本	平方根
中学3年	数学	平方根	√27 - √48 を計算しなさい。	-√3	√3	-7√3	3√3	√27 = 3√3、√48 = 4√3 と変形し、(3 - 4)√3 = -√3 となります。[5, 6]	標準	平方根
中学3年	数学	平方根	√3 × √15 を計算しなさい。	3√5	√18	√45	3√3	√3 × √3 × √5 = (√3)^2 × √5 = 3√5 となります。[5, 9]	基本	平方根
中学3年	数学	平方根	√36 の値を根号を使わずに表しなさい。	6	-6	36	18	36は6の2乗であるため、√36は6となります [8]。	基本	平方根
中学3年	数学	平方根	√3n が自然数となるような、もっとも小さい自然数 n の値を求めなさい。	3	1	9	0	根号の中が9になればよいです。	基本	平方根
中学3年	数学	平方根	√3n が自然数となるような最小の自然数 n を求めなさい。	3	1	9	0	3×3=9になります。	基本	平方根
中学3年	数学	平方根	√5 の整数部分を a とするとき、a の値を求めなさい。	2	5	3	1	2^2=4、3^2=9 なので、√5は2と3の間の数（2.23...）であることがわかります。	基本	平方根
中学3年	数学	平方根	√5 の整数部分を a、小数部分を b とするとき、b の値を式で表しなさい。	√5 - 2	√5 - a	2 - √5	√5 - 3	2 < √5 < 3 なので整数部分は2。小数部分は「数全体 － 整数部分」で表します。	標準	平方根
中学3年	数学	平方根	√5 の整数部分を a、小数部分を b とするとき、b を a を用いた式で表しなさい。	b = √5 - 2	b = √5 - a	b = a - √5	b = 2 - √5	√4 < √5 < √9 より整数部分 a=2。小数部分は「数全体 - 整数部分」です。	標準	平方根
中学3年	数学	平方根	1/√2 の分母を有理化しなさい。	√2/2	2/√2	√2	1/2	分母と分子に √2 をかけると √2/(√2*√2) = √2/2 となります。[5, 28]	基本	平方根
中学3年	数学	平方根	16の平方根を求めなさい。	±4	4	-4	8	2乗して16になる数は、+4 と -4 の2つ存在します。[36]	基本	平方根
中学3年	数学	平方根	根号の中をできるだけ小さい自然数にして √32 を a√b の形で表しなさい。	4√2	2√8	16√2	2√4	32=16×2=4^2×2 です。	基本	計算
中学3年	数学	平方根	根号の中をできるだけ小さい自然数にして、ルート 180 を a√b の形で表しなさい。	6√5	5√6	2√45	3√20	「180 = 36 * 5 = 6^2 * 5 なので、6を根号の外に出します。」	標準	計算
中学3年	数学	平方根	根号の中をできるだけ小さい自然数にして、ルート 50 を a√b の形で表しなさい。	5√2	2√5	10√5	25√2	「50 = 25 * 2 = 5^2 * 2 なので、5を外に出して整理します。」	基本	計算
中学3年	数学	平方根	次のうち「無理数」であるものを選びなさい。	√20	√64	-3	0.5	√20は2√5となり根号が外れないため無理数です。√64は8なので有理数です。	基本	平方根
中学3年	数学	平方根	「2乗すると a になる数」のことを、a の何といいますか。	平方根	絶対値	近似値	有理数	x^2 = a を満たす x の値のことです。正の数には正と負の2つ存在します。	基本	用語
中学3年	数学	平方根	√12 × √6 を計算し，√の中をできるだけ小さい自然数にしなさい。	6√2	√72	2√18	12√6	√12 × √6 = √72 = √(36 × 2) = 6√2 となります。	標準	計算
中学3年	数学	平方根	分母を有理化しなさい： 2 / (√7 + √3)	(√7 - √3) / 2	√7 + √3	√7 - √3	(√7 + √3) / 4	分母と分子に (√7 - √3) を掛けることで、分母を (√7)^2 - (√3)^2 = 4 とし、約分して整理します。	標準	計算
中学3年	数学	平方根	√7 の整数部分を a、小数部分を b とするとき、√28a - 4b の値を求めなさい。	8	√7	4	12	2 < √7 < 3 より a = 2, b = √7 - 2 です。これを代入して計算します。	挑戦	平方根
中学3年	数学	平方根	「16の平方根」を答えなさい。	±4	4	-4	8	2乗して16になる数は，正の 4 と 負の －4 の2つ存在します。	基本	計算
中学3年	数学	平方根	√3n が自然数となるような、もっとも小さい自然数 n の値を求めなさい。	3	1	9	0	根号の中が「3の2乗」になればよいため、n = 3 のとき √9 = 3 となり自然数になります。	基本	計算
中学3年	数学	平方根	「√7 の整数部分を a，小数部分を b」とするとき，√28a - 4b の値を求めなさい。	8	√7	4	12	2 < √7 < 3 より a = 2，b = √7 - 2 です。これを代入して整理すると 4√7 - 4(√7 - 2) = 8 となります。	挑戦	計算
中学3年	数学	平方根	「a - b = -3, ab = 11」のとき，a^2 − ab + b^2 の値を求めなさい。	20	14	31	-2	(a−b)^2 = a^2 − 2ab + b^2 を利用し，a^2 + b^2 = (a−b)^2 + 2ab = (−3)^2 + 2×11 = 31。求める式は 31−11=20 です。	挑戦	計算
